id,title,is_redirect,is_new,pagerank
305,Achilles,False,False,18.194546777166877
14919,International_Standard_Book_Number,False,False,9.641942620234694
25175562,Virtual_International_Authority_File,False,False,5.721720652978215
35566739,Integrated_Authority_File,False,False,5.565190166145699
1491462,Library_of_Congress_Control_Number,False,False,5.074734727764451
1339871,WorldCat,False,False,4.929793285465753
422994,Digital_object_identifier,False,False,4.430104979696324
19381951,Iliad,False,False,3.909853069415608
13633,Homer,False,False,3.7554355668037003
23538754,Wayback_Machine,False,False,3.7095027356630133
23416994,Greek_mythology,False,False,3.6954294588741945
30058,Trojan_War,False,False,3.3154763021949187
11887,Greek_language,False,False,3.146501563890511
22537,Odysseus,False,False,2.5935285708114595
17730,Latin,False,False,2.5722258472022705
30059,Troy,False,False,2.3434615025592134
13207,Hector,False,False,2.238094427104369
34398,Zeus,False,False,2.2247059029788074
18935551,Public_domain,False,False,2.218131650566825
216262,JSTOR,False,False,2.2050720451895267
1544,Agamemnon,False,False,2.1492302523617797
72624,Encyclopædia_Britannica_Eleventh_Edition,False,False,2.123792996690125
81949,Patroclus,False,False,2.1161516232467545
37552,Thetis,False,False,2.0595643048561683
594,Apollo,False,False,1.9869534388412697
13815,Heracles,False,False,1.9324896016909527
783,Alexander_the_Great,False,False,1.8877084592697984
1568,Ajax_the_Great,False,False,1.8231332713389103
63444,Helen_of_Troy,False,False,1.8114804991699573
416255,Pausanias_(geographer),False,False,1.796486589893405
1182,Athena,False,False,1.7857248114260758
22349,Odyssey,False,False,1.7750738291993142
24132,Priam,False,False,1.726991932558175
32359,Virgil,False,False,1.7263869650346915
85577,Bibliotheca_(Pseudo-Apollodorus),False,False,1.6989504224247745
420342,Wikisource,False,False,1.695516847687393
1540,Aeneas,False,False,1.6859141295907825
22948,Poseidon,False,False,1.666589500432985
36487,Sparta,False,False,1.6625398011103327
46299,Menelaus,False,False,1.657277647609863
32897,William_Shakespeare,False,False,1.623310953203178
13770,Hercules,False,False,1.6188809017970065
9808,Euripides,False,False,1.6009432165258741
37802,Ovid,False,False,1.572660872176337
63416,Paris_(mythology),False,False,1.5458960534101622
38419,Peleus,False,False,1.5396520439355352
2905,Artemis,False,False,1.5365939405790505
63325,Dionysus,False,False,1.519258054665797
14410,Hermes,False,False,1.5107715984914865
52121,Strabo,False,False,1.5062137765007555
37322,Aeneid,False,False,1.4949623399149308
81730,Neoptolemus,False,False,1.491107943703324
17546,Louvre,False,False,1.4803397227027264
22954,Plato,False,False,1.469533057530838
1174,Aphrodite,False,False,1.4680708230426907
13700,Hesiod,False,False,1.4434360769689065
81927,Diomedes,False,False,1.437883955178249
13574,Herodotus,False,False,1.4226038360119018
602506,Nestor_(mythology),False,False,1.4114617707600727
31255,Theseus,False,False,1.4004884508583233
2041,Ares,False,False,1.3958108896155315
252905,Classical_antiquity,False,False,1.3926982486795227
44920,Pliny_the_Elder,False,False,1.3808275311645397
80598,Briseis,False,False,1.36910106401993
6526,Cassandra,False,False,1.3677892844178825
55804,Thessaly,False,False,1.3571889051603858
65806,"Thebes,_Greece",False,False,1.3462192072404806
15885,Jason,False,False,1.3406616688793553
14388,Hephaestus,False,False,1.34032017101503
7951,Delphi,False,False,1.3399285625330553
5956,Circe,False,False,1.3341736617208777
12418604,Mount_Olympus,False,False,1.3341710909750124
1695,Amazons,False,False,1.3224151337980115
42056,Greeks,False,False,1.3203624480837408
77334,Argonauts,False,False,1.3140597596593673
13208,Hera,False,False,1.3128551283175398
2023,Aeschylus,False,False,1.3092814321962272
22877693,Orpheus,False,False,1.3082043205955391
79616,Pindar,False,False,1.3021575364453952
42183,Chiron,False,False,1.2996599288759592
81737,Andromache,False,False,1.2995852365010594
80584,Calchas,False,False,1.294305933896362
574742,Twelve_Olympians,False,False,1.2911699068099713
26984,Sophocles,False,False,1.2863203109138912
83101,Metamorphoses,False,False,1.283379712277185
77727,Myrmidons,False,False,1.2815969284921827
26061,Royal_Navy,False,False,1.272812848603402
42012,Macedonia_(ancient_kingdom),False,False,1.2665964019701035
13225,Hades,False,False,1.2601437515587803
49071,Oceanus,False,False,1.2514217605664282
19098431,Ancient_Olympic_Games,False,False,1.2455758559235635
81763,Antilochus,False,False,1.2437517619007128
81720,Helenus,False,False,1.2409817030074208
274099,Ancient_Greek_religion,False,False,1.2398406586826376
1567,Ajax_the_Lesser,False,False,1.2392664833666487
21476593,Pompeii,False,False,1.2377129968517824
3386,Black_Sea,False,False,1.2365123429826153
1076007,Pottery_of_ancient_Greece,False,False,1.2341493038689542
81731,Lycomedes,False,False,1.2310587424527568
59955,Trojan_Horse,False,False,1.23026837337842
39245,Medea,False,False,1.2295315338807318
77363,Oedipus,False,False,1.2290854413812677
70011,Argos,False,False,1.2216936350922587
55870,Cyclops,False,False,1.2203351275325445
323715,Troy_(film),False,False,1.2193594049171437
47401,Titan_(mythology),False,False,1.2105910558689288
46950,Libretto,False,False,1.2090645519472507
84200,Euryalus,False,False,1.2069783320318208
83204,Antiphus,False,False,1.2037902368320705
82001,Idomeneus_of_Crete,False,False,1.1995185287610455
81977,Medon,False,False,1.1984460689685201
7401,Centaur,False,False,1.1977265940286281
31750,Ukraine,False,False,1.1955980840343052
6046,Cicero,False,False,1.1948986147155616
302613,Attica,False,False,1.1931745320144744
2020,Achaeans_(Homer),False,False,1.1878918896933814
61963,List_of_Greek_mythological_figures,False,False,1.1869206951457396
84683,Polites_(friend_of_Odysseus),False,False,1.1863186742477156
3456314,Thrasymedes_(mythology),False,False,1.183209270287774
83203,Antiphates,False,False,1.1807825063348112
209446,Perseus,False,False,1.1770520186330886
78986,Hecuba,False,False,1.176501702326631
79145,Tiresias,False,False,1.1758716480453881
21586,Nereid,False,False,1.1719834187039515
27009946,Anticlus,False,False,1.16993559836477
83874,Deiphobus,False,False,1.1670249129067933
1457406,Red-figure_pottery,False,False,1.1666198825365954
71180,Muses,False,False,1.1650856558838354
22058,Nymph,False,False,1.1645314307556411
5355670,Greek_underworld,False,False,1.1589282716825717
357094,Scheria,False,False,1.1520731281776386
78594,Penthesilea,False,False,1.149535242076538
3418102,Geographica,False,False,1.1492037584766701
57993,Tragedy,False,False,1.1489112684963663
77734,Teucer,False,False,1.1471866512776943
380167,Achilles_tendon,False,False,1.1462220207531923
49169,Penelope,False,False,1.1451997535606913
931540,Kylix,False,False,1.1446967858836428
74215,Natural_History_(Pliny),False,False,1.1439141277690459
84723,Thersites,False,False,1.1438888938844303
2337802,Dares_Phrygius,False,False,1.1380011785096906
78995,Asclepius,False,False,1.137339420008232
81982,Philoctetes,False,False,1.1351447443868887
81738,Astyanax,False,False,1.134986187799641
77335,Golden_Fleece,False,False,1.134723967345307
926219,Ancient_Greek_literature,False,False,1.133721694067737
24253,Persephone,False,False,1.1327343792618165
84635,Pandarus,False,False,1.1293917288587394
21463370,Peter_Paul_Rubens,False,False,1.1291977157399433
18551,Linear_B,False,False,1.1289610086531852
75161,Cadmus,False,False,1.1273804917547863
2826374,Lekythos,False,False,1.1270369254031123
5228263,Argonautica,False,False,1.1262072694975676
29067,Satyr,False,False,1.1254168963192899
36743,Atalanta,False,False,1.1247782737183922
44849,Brad_Pitt,False,False,1.1235633409600825
2826315,Hydria,False,False,1.1235084601575225
23250,Prometheus,False,False,1.1231809726129443
28745,Styx,False,False,1.1217821618449741
23768767,Bellerophon,False,False,1.1199486346926566
81939,Scamander,False,False,1.1187685823359912
70997,Miletus,False,False,1.117014102020308
30551,Theogony,False,False,1.1165311094913835
49124,Phoenix_(son_of_Amyntor),False,False,1.1102810826761857
599317,Theoclymenus,False,False,1.1102245470950558
78881,Pan_(god),False,False,1.1101400415561464
13693,Horace,False,False,1.1098948852305202
50371,Photios_I_of_Constantinople,False,False,1.1086003600294894
21209639,Danube,False,False,1.1070465660401179
37353,Etruscan_civilization,False,False,1.1064040327848028
83606,Anchises,False,False,1.1063844559712674
9823,Eris_(mythology),False,False,1.1059110859703738
395452,Calypso_(mythology),False,False,1.104821484264307
314182,Apollonius_of_Rhodes,False,False,1.1036416021169246
84247,Halitherses,False,False,1.1033266977852474
8230,Demeter,False,False,1.1019158121298323
10141,Erinyes,False,False,1.10055810894502
1076046,Black-figure_pottery,False,False,1.1004123159469668
80599,Chryseis,False,False,1.1001597207156872
83184,Meleager,False,False,1.0992302934946363
11144,Fresco,False,False,1.0986585287311608
61309,Mosaic,False,False,1.097175837651843
60314862,Sarpedon_(Trojan_War_hero),False,False,1.0969166820160055
214006,Pietro_Metastasio,False,False,1.0956510099616963
734995,Epic_Cycle,False,False,1.0937406299061132
2618,Aeacus,False,False,1.0933683701285755
559297,Proto-Indo-European_language,False,False,1.0929138524277138
74673,Telemachus,False,False,1.0920113356151258
823229,Ancient_Greek_temple,False,False,1.0916706186273188
82813,Pelops,False,False,1.0914394956897733
18386,Laconia,False,False,1.0912865088160761
79328,Balius_and_Xanthus,False,False,1.091016265673092
9598008,List_of_Homeric_characters,False,False,1.0901478117194208
45462,Corfu,False,False,1.0899155795097415
86020,Iris_(mythology),False,False,1.089909880834413
1247736,Troilus,False,False,1.0898801982239201
2163,Aeolus,False,False,1.089813086770393
3293814,Antenor_(mythology),False,False,1.0890354332213659
8073,Dardanelles,False,False,1.086548790504885
18490,Larissa,False,False,1.0855593966856814
19191789,Eros,False,False,1.0851232331835885
1281069,Olbia_(archaeological_site),False,False,1.0846436644090245
1958472,Catalogue_of_Women,False,False,1.0835474214028327
79258,Iphigenia,False,False,1.083012547897095
2627,Aegina,False,False,1.0821271090931062
83630,Automedon,False,False,1.0818303742684012
17750011,Eudoros,False,False,1.0818285182801703
21043404,Suitors_of_Penelope,False,False,1.0810251652407887
164306,Stephanus_of_Byzantium,False,False,1.0802609296655088
80462,Statius,False,False,1.0798116187621583
2093019,Palamedes_(mythology),False,False,1.0796499755797742
392192,Medusa,False,False,1.0792915907417797
81732,Deidamia_of_Scyros,False,False,1.0785991276268136
81943,Protesilaus,False,False,1.0783704227677289
25447,Rhetoric,False,False,1.0772464025147406
84255,Lapiths,False,False,1.0769828787975768
45333,Magna_Graecia,False,False,1.075142476186519
10477,Eos,False,False,1.074448436104141
444886,Chthonic,False,False,1.0741216376951472
81952,Polydorus,False,False,1.0739114809165462
367354,Dictys_Cretensis,False,False,1.0739074629432446
27225837,Peneleos,False,False,1.07361935969742
8258,Daedalus,False,False,1.0731747394486022
23914,Polyphemus,False,False,1.072815777314137
80601,Chryses_of_Troy,False,False,1.072138168940547
61322,Alcibiades,False,False,1.072072958595688
1035348,Clytius,False,False,1.0694779092149782
840140,Greek_hero_cult,False,False,1.0693713682624075
3362080,Memnon_(mythology),False,False,1.068986188685969
59083633,Troilus_and_Cressida,False,False,1.0678239026233962
18388,Laocoön,False,False,1.0671756915996151
14372,Hecate,False,False,1.0669449148544954
98694,Pluto_(mythology),False,False,1.0656609560853083
44373,Triton_(mythology),False,False,1.0656120483365585
81774,Lyre,False,False,1.065273967972029
79127,Sthenelus,False,False,1.0652230721388904
53258,Pythia,False,False,1.0651251739973568
370149,Skyros,False,False,1.063757607269851
65131,Elysium,False,False,1.0635237719329256
23334,Pergamon,False,False,1.0624858725705324
46279,Ukrainian_language,False,False,1.0623476812888821
81914,Epeius,False,False,1.062175449210648
2205688,Pedasus,False,False,1.061976374015161
83195,Theano,False,False,1.0606363260864695
213884,Quintus_Smyrnaeus,False,False,1.0605144582382353
678949,Tlepolemus,False,False,1.0604087252167202
78470,Giants_(Greek_mythology),False,False,1.0600074526981713
177052,Immortality,False,False,1.0598795635081635
3446598,Thoas,False,False,1.059567395669032
8198356,Meriones_(mythology),False,False,1.059447093766158
15397233,Lycaon_of_Troy,False,False,1.0585386839497335
81990,Machaon_(mythology),False,False,1.0570932028283637
78370,Euphemus,False,False,1.0570167827037473
581049,Arete_(mythology),False,False,1.0567885950822857
22734596,Glaucus_of_Lycia,False,False,1.0565637629734281
101411,Arrian,False,False,1.0565353738112901
37332485,Polites_of_Troy,False,False,1.0565058388697124
3424293,Asteropaios,False,False,1.055950747502593
83736,Bias_(mythology),False,False,1.0557454713524388
84684,Polydamas_(mythology),False,False,1.0552452545690587
12787,Geoffrey_Chaucer,False,False,1.0551924289071415
158392,Maurus_Servius_Honoratus,False,False,1.0544347457789793
10151828,Elephenor,False,False,1.0533016351741462
35248978,Coön,False,False,1.0531881552460316
85437,Doric_Greek,False,False,1.0530962113732885
80990,Gorgon,False,False,1.0523065716554971
206639,Messinia,False,False,1.0516201835267562
12656675,Guneus,False,False,1.0512914740994115
81937,Acamas,False,False,1.0512635348204156
53747111,Eurypylus_of_Thessaly,False,False,1.0507758191485561
27009996,Iphidamas,False,False,1.0500727527687432
415295,Menestheus,False,False,1.049606861413132
15390465,Gorgythion,False,False,1.0490479839057443
11383616,Archelochus,False,False,1.0489617700941964
19272020,Gaia,False,False,1.048467241915794
10150963,Epistrophus_(mythology),False,False,1.0482366849102096
21476679,Herculaneum,False,False,1.048069415320219
81991,Podalirius,False,False,1.0479612887916647
448195,Euphorbus,False,False,1.0477207601392107
84529,Melanippus,False,False,1.0474332427582718
78987,Polyxena,False,False,1.0471660936775238
19907434,Polybus_(son_of_Antenor),False,False,1.0471130714186632
6697,Cerberus,False,False,1.0467222963062044
514444,Epithet,False,False,1.0464851764416931
2473255,Rhesus_of_Thrace,False,False,1.0462922750597408
27243625,Panthous,False,False,1.0460155765382848
27009991,Ialmenus,False,False,1.0456850676273957
169832,Eugène_Delacroix,False,False,1.0455979315871908
60782,Amphitryon,False,False,1.0454578640151766
21585,Nereus,False,False,1.0451411181548356
84524,Meges,False,False,1.0450920663484229
10494291,Amphimachus,False,False,1.0447328023498577
31783331,Alcimus_(mythology),False,False,1.0438694855323467
610064,Talthybius,False,False,1.043588395038193
84686,Polypoetes,False,False,1.0435460469621856
912410,Mydon,False,False,1.04265938872151
30872637,Eurydamas,False,False,1.0424746965898515
268279,Panathenaic_Games,False,False,1.0423467600229246
27009995,Ilioneus,False,False,1.042285088981758
17244095,Ucalegon,False,False,1.04225932867985
84282,Laodamas,False,False,1.0421353187602296
4348507,Pylaemenes,False,False,1.041811310326442
36109793,Ancient_Greek_funeral_and_burial_practices,False,False,1.0417654831824275
2826501,Kantharos,False,False,1.0412091931200353
31567793,Nireus,False,False,1.0407999625472453
27227690,Leonteus_(mythology),False,False,1.0406310641820862
83879,Dolon_(mythology),False,False,1.0405995278226223
82884,Nausicaa,False,False,1.040461908106457
30896099,Arcesilaus_(mythology),False,False,1.0404076318476716
27010030,Prothoenor,False,False,1.0403898300755032
213879,Lycophron,False,False,1.0400556441671331
84203,Eurybates,False,False,1.0400308036753023
54089979,Ascalaphus_of_Orchomenus,False,False,1.0399763120199832
81998,Stentor,False,False,1.0395085071151553
77802,Orestes,False,False,1.0389596191472303
27226061,Leitus,False,False,1.0383433546747727
84681,Podarces,False,False,1.0381920673771
6554707,Pyraechmes,False,False,1.038148486016844
340510,Greek_Dark_Ages,False,False,1.0375291343402246
1251937,Harvard_University_Press,False,False,1.037516566941135
5232620,Agapenor,False,False,1.0372799920707951
6778209,Schedius,False,False,1.0372537491156226
2205685,Aesepus,False,False,1.037076016616
82883,Alcinous,False,False,1.0360428177187342
31469072,Caletor,False,False,1.0358636772596153
6735994,Asius_(mythology),False,False,1.0358620252670985
23984988,Atymnius,False,False,1.0354597061097177
294460,Othryoneus,False,False,1.035122219857014
34261051,Imbrius,False,False,1.0347073875575046
83760,Cebriones_(mythology),False,False,1.0347073875575046
84693,Promachus,False,False,1.034630728690596
52000,Eleusinian_Mysteries,False,False,1.0340843839638931
21608552,Greek_colonisation,False,False,1.0337934710055945
13706,Hero,False,False,1.0336786716673683
44812045,Mentes_(King_of_the_Cicones),False,False,1.0335761540204984
34260401,Pylaeus,False,False,1.033307340749507
82866,Alcathous,False,False,1.033307340749507
89609,Mygdon_of_Phrygia,False,False,1.0331323334341147
27009987,Hyperenor,False,False,1.033056219169305
2471070,Oenochoe,False,False,1.032915413311991
31548552,Phorcys_of_Phrygia,False,False,1.0321493501857832
26187906,Peirous,False,False,1.0321405871407159
97055,Calesius,False,False,1.0321316904564042
34361187,Hypsenor,False,False,1.0321316904564042
94095,Axylus,False,False,1.0321226570522968
81776,Laertes,False,False,1.0319592894715026
80963,Selene,False,False,1.0315753246458559
17464063,Agenor_of_Troy,False,False,1.031159283697715
84174,Eumaeus,False,False,1.031047650715585
2178,Atlantis,False,False,1.0281342286529176
80172,Triptolemus,False,False,1.027881537630929
83559,Aretus,False,False,1.027671686960728
22026903,Between_Scylla_and_Charybdis,False,False,1.0275955043738951
1418970,Labours_of_Hercules,False,False,1.027528316689311
1213,Actaeon,False,False,1.0273656192497038
4449171,Greek_primordial_deities,False,False,1.0267791013025807
159964,Cassius_Dio,False,False,1.0256080677173374
77417,Aeëtes,False,False,1.0243233471619888
83086,Calydonian_Boar,False,False,1.0241990447676796
81010,Erebus,False,False,1.023543699519027
65731,Korybantes,False,False,1.0234384670179484
1403568,Orphism_(religion),False,False,1.023188739700032
6000418,Clytemnestra,False,False,1.0224731241440796
318068,Hebe_(mythology),False,False,1.0217809654077568
22715645,Deucalion_of_Crete,False,False,1.0217278650236206
361189,Demodocus_(Odyssey_character),False,False,1.0209772894649147
83199,Anticlea,False,False,1.0206008483371845
84664,Phemius,False,False,1.018506014638079
84088,Elpenor,False,False,1.0183646556043875
20634,Minotaur,False,False,1.0182016939598175
55092,Scythians,False,False,1.0177745463373566
1228037,Cicones,False,False,1.0176629422735766
10154301,Echephron,False,False,1.0170630353707464
82822,Pirithous,False,False,1.016899082528589
83175,Agelaus,False,False,1.0165439120695015
2960437,Vulci,False,False,1.0165090522692075
16371173,Ctimene,False,False,1.015929304074489
1840244,Argos_(dog),False,False,1.015840484253437
494587,Medea_(play),False,False,1.015218180583888
3715842,Perimedes,False,False,1.0149048947161516
81995,Mentor_(Odyssey),False,False,1.0147944897311452
31099565,Ctesippus,False,False,1.0144591364594773
47262048,Votive_offering,False,False,1.01440941886877
19242322,Johann_Wolfgang_von_Goethe,False,False,1.0139421847285086
3352973,Pederasty_in_ancient_Greece,False,False,1.0138023367926792
24856141,Melanthius_(Odyssey),False,False,1.013654137813125
5340568,Philoetius_(Odyssey),False,False,1.0134438533978984
21369171,Engraved_gem,False,False,1.0131880578675105
3510045,Anemoi,False,False,1.0130529829447288
84520,Tethys_(mythology),False,False,1.012741913074559
9633576,Peisistratus_of_Pylos,False,False,1.0124906087342909
10154195,Stratichus,False,False,1.0119831726059756
84204,Eurycleia_of_Ithaca,False,False,1.0117188567769102
2521415,Old_Man_of_the_Sea,False,False,1.0116342260183977
840617,Greek_sea_gods,False,False,1.0116016415929803
3037690,Amphimedon,False,False,1.011546342733556
3434345,Antinous_of_Ithaca,False,False,1.0113432442049017
56148,Taranto,False,False,1.0110135610135809
81915,Eurylochus_of_Same,False,False,1.0109965024474452
508376,Proto-Indo-European_mythology,False,False,1.0107990813743373
79560,Charon,False,False,1.010703287048503
4024919,Melantho,False,False,1.0104573594072959
19272041,Uranus_(mythology),False,False,1.0104266789554306
84198,Eupeithes,False,False,1.009627223487433
30952763,Dolius,False,False,1.0090955613045316
83191,Amphinomus,False,False,1.009071121693322
6388720,Shield_of_Achilles,False,False,1.0088102095961855
83076,Sphinx,False,False,1.008060372438631
79562,Cocytus,False,False,1.007422409137411
82568,Keres,False,False,1.0070833507511747
1577,Alcaeus_of_Mytilene,False,False,1.0066906351796967
84265,Arnaeus,False,False,1.0063628398168458
44812053,Mentes_(King_of_the_Taphians),False,False,1.0063512190633614
720044,Echetus,False,False,1.0057507428756585
875795,Fortunate_Isles,False,False,1.0055608153751414
53127068,Go_Farther_in_Lightness,False,False,1.0054948139425708
48823119,Gang_of_Youths,False,False,1.0054948139425708
97275,Victoria_and_Albert_Museum,False,False,1.0053800735050624
79515,Oratorio,False,False,1.0053420103117259
3037695,Demoptolemus,False,False,1.0051618071763444
6896877,Polydamna,False,False,1.0051380710252276
20191089,Leodes,False,False,1.0050631219768427
8465,Dactylic_hexameter,False,False,1.0050620605182394
461105,Phthiotis,False,False,1.0044847945048716
79561,Phlegethon,False,False,1.0041163750267303
294462,Anthony_van_Dyck,False,False,1.0038213002864769
2341268,Stesichorus,False,False,1.0034452137979712
77220,Acheron,False,False,1.0025802077513735
30972,Jupiter_trojan,False,False,1.0020157472790308
79022,Themis,False,False,1.0014370361784353
2266975,Farsala,False,False,1.0011711615664027
81751,Thessalus,False,False,1.000889812127039
58231,Bacchylides,False,False,0.9996936021526824
83703,Elis,False,False,0.9990253811377064
35641284,List_of_Mycenaean_deities,False,False,0.9990237086245854
82161,Hermaphroditus,False,False,0.9972449786826546
1278771,Palladium_(classical_antiquity),False,False,0.9971216129521829
23840192,Epirus_(ancient_state),False,False,0.9966156414714595
2295773,Golden_apple,False,False,0.9963535139667768
49181,588_Achilles,False,False,0.996058241592483
2626,Aegeus,False,False,0.9955628502892024
78375,Simonides_of_Ceos,False,False,0.9955535296797625
1006245,Phosphorus_(morning_star),False,False,0.9942222647352907
62131,Nicolas_Poussin,False,False,0.9940628642604662
80047,Diogenes_Laërtius,False,False,0.9936564845398917
1607393,Yevpatoria,False,False,0.9935662536895042
77450,Chalciope,False,False,0.9935127036280682
17983,Lethe,False,False,0.9934087572825825
54553,Mnemosyne,False,False,0.9931951732760913
16429397,4709_Ennomos,False,False,0.9931660139551081
575914,Imbros,False,False,0.992990260613558
87806,Cornucopia,False,False,0.9924195453368165
79373,Caduceus,False,False,0.9919596699827936
6215972,Pre-Greek_substrate,False,False,0.9908647565609839
77732,Telamon,False,False,0.9907403037024193
797360,Hesperus,False,False,0.9904687574217538
2954785,Dragons_in_Greek_mythology,False,False,0.9897889605570969
80988,Argo,False,False,0.9895886468720454
195513,Trident,False,False,0.9888001464406057
2727109,617_Patroclus,False,False,0.9874734818792054
838284,Pontus_(mythology),False,False,0.9873813178826811
79932,Kratos_(mythology),False,False,0.9861005413529015
14901270,1437_Diomedes,False,False,0.9847630428974874
98544,List_of_Hercules:_The_Legendary_Journeys_episodes,False,False,0.984181921887106
36745,Hestia,False,False,0.984128168459329
23530879,Jason_et_Médée,False,False,0.9838434141889175
3537064,Medea_(1969_film),False,False,0.983781016947701
576191,Paideia,False,False,0.9833815150319365
23986,Pegasus,False,False,0.98334438232686
143331,Zeno_of_Elea,False,False,0.9832535145308303
16429422,5259_Epeigeus,False,False,0.9825126817440364
487454,Károly_Kerényi,False,False,0.9822855098969003
78579,Hippolyta,False,False,0.9820449296732583
30038865,Aphroditus,False,False,0.9819560795058987
5842770,Médée_(Charpentier),False,False,0.9818198147670195
5768,Catullus,False,False,0.9811365449768721
48104,Locri,False,False,0.9806213264871241
193879,Sacrificial_tripod,False,False,0.9805012544078223
78380,Ibycus,False,False,0.9803581806188532
16633774,11509_Thersilochos,False,False,0.9802493799402976
45204662,Médée_(Cherubini),False,False,0.980125060412508
635973,Ring_of_Gyges,False,False,0.9797347621116382
1547228,Absyrtus,False,False,0.9790668307585269
23849362,Greek_mythology_in_popular_culture,False,False,0.9789810038633084
380175,Achilles\'_heel,False,False,0.9785083194741386
502785,Phthia,False,False,0.9782824569680311
781227,Shirt_of_Nessus,False,False,0.9782593768355979
10327584,Potamoi,False,False,0.977136455577825
25360142,Warriors:_Legends_of_Troy,False,False,0.976888243420195
1958314,Apple_of_Discord,False,False,0.9766324249619458
82827,Medus,False,False,0.9764393976729279
235876,Ouroboros,False,False,0.9762401774274945
674787,In_medias_res,False,False,0.9762237426694886
436173,Ogygia,False,False,0.9760796055784232
151992,Hellenism_(religion),False,False,0.9757481113741562
81735,Olympias,False,False,0.975204533110379
16051169,List_of_ancient_Greek_tribes,False,False,0.9746274950485626
8681060,Aethiopia,False,False,0.9744906861847286
769387,Propertius,False,False,0.9738837225849428
1369,Ambrosia,False,False,0.9738337275742481
752522,Histories_(Herodotus),False,False,0.9734504354710173
16749582,A_Dream_of_Passion,False,False,0.9734139984202944
81177,Crotone,False,False,0.973092797269877
31570,Battle_of_the_River_Plate,False,False,0.9729254658560131
26546662,Pandora\'s_box,False,False,0.9727526009845019
4076302,Homeric_scholarship,False,False,0.9726837478306288
12775,George_Frideric_Handel,False,False,0.9725338048800232
18154876,Alcimenes,False,False,0.972533174281232
16424152,12714_Alkimos,False,False,0.972389426464711
3289370,Berezan_Island,False,False,0.9721331662860119
1408754,"National_Archaeological_Museum,_Naples",False,False,0.9715837177642652
1600971,Homosexuality_in_ancient_Greece,False,False,0.9712079982167976
232942,Hyperborea,False,False,0.971157430827875
2828199,Euphronios,False,False,0.9709250114746745
855241,Troilus_and_Criseyde,False,False,0.9708935784479586
79317,Moirai,False,False,0.9708125878146185
10288363,Medea_(Sandys_painting),False,False,0.9707184250614866
8831460,Mermerus_and_Pheres,False,False,0.9705516298008922
18785045,Medea_in_Corinto,False,False,0.9702570749248548
37685517,Medea_(Reimann),False,False,0.9700375770420561
22534374,"Medea,_the_Musical",False,False,0.9700375770420561
14901231,1404_Ajax,False,False,0.9699326098171426
21324031,Medea_statue,False,False,0.9698734637244382
29700110,Medea_(The_Icemark_Chronicles),False,False,0.9698734637244382
24839526,Medea_(Pacini),False,False,0.9698734637244382
1832723,Marie_Christine,False,False,0.9697852754243194
14901315,1583_Antilochus,False,False,0.969754615661245
44150663,La_hija_de_Cólquide,False,False,0.969692581685801
18017732,Medea_(Benda),False,False,0.969692581685801
42463747,The_Hungry_Woman,False,False,0.969692581685801
4070960,Médée,False,False,0.969692581685801
28103641,Medea_(1988_film),False,False,0.9695950281920154
11201052,Medea_(ballet),False,False,0.9695950281920154
51161098,Medea_(TV_serial),False,False,0.9695950281920154
27536937,Médée_(2001_film),False,False,0.9695950281920154
28131765,Médée_(Anouilh),False,False,0.9695950281920154
16634143,1208_Troilus,False,False,0.9695635087889796
17248404,Lampad,False,False,0.9695361816236588
27541326,Medea_Miracle,False,False,0.9694922224737457
11200772,Medea\'s_Dance_of_Vengeance,False,False,0.9694922224737457
2339724,Robert_S._P._Beekes,False,False,0.9694240154074444
47471180,Slavery_in_ancient_Greece,False,False,0.9691973034462454
16423669,1873_Agenor,False,False,0.9688952217106421
9050031,Hellenistic_armies,False,False,0.9686314366467597
625098,Catalogue_of_Ships,False,False,0.9684429751372126
697734,Achilleis_(trilogy),False,False,0.9683324047543355
16467280,4792_Lykaon,False,False,0.9679887905580317
16425101,4805_Asteropaios,False,False,0.9678142304713814
24171,Plautus,False,False,0.967674780547915
169650,Rod_of_Asclepius,False,False,0.9674034413218404
371516,Tumulus,False,False,0.9673823744258951
14940883,2260_Neoptolemus,False,False,0.9672267818632586
16477296,5283_Pyrrhus,False,False,0.9672267818632586
760571,Stele,False,False,0.967099649361702
214105,Niccolò_Jommelli,False,False,0.9670736187260187
16468914,4833_Meges,False,False,0.9670492850729042
16469009,2895_Memnon,False,False,0.9668587122101041
14941209,2920_Automedon,False,False,0.9668587122101041
2363,Alessandro_Scarlatti,False,False,0.9668538942127856
16477144,4348_Poulydamas,False,False,0.9666535630603645
16476828,4543_Phoinix,False,False,0.9664320987920355
189683,HMNZS_Achilles_(70),False,False,0.9661465677170802
82550,Ichor,False,False,0.9651757092271874
22099,Narcissus_(mythology),False,False,0.9649559820296878
38855,Battle_of_Trafalgar,False,False,0.9645161096273275
342081,Troad,False,False,0.9640473478772248
5605670,Narcissism,False,False,0.9637321153773607
575970,Tenedos,False,False,0.963667804954889
1079384,Exekias,False,False,0.9624390459033665
2976604,Tyras,False,False,0.96185610498852
78152,Harpy,False,False,0.9618452724953038
1951051,Richard_Westmacott,False,False,0.9616623092315472
2222063,Molossians,False,False,0.961498527496237
96595,Realencyclopädie_der_classischen_Altertumswissenschaft,False,False,0.9610467902194193
9291916,Necklace_of_Harmonia,False,False,0.9603779751692274
837628,Greek_Heroic_Age,False,False,0.9602198640656211
49733,Ballet,False,False,0.9601067036180537
83133,Thyrsus,False,False,0.9599305718704235
360812,Orichalcum,False,False,0.959808516593993
7056938,Temple_of_Aphaea,False,False,0.9597488695940849
3428255,Homeric_Question,False,False,0.9593654220873838
224505,Labrys,False,False,0.9592684891033569
839817,Galatea_(mythology),False,False,0.9575006294568776
423806,Thebe_Hypoplakia,False,False,0.9574456337176569
18944487,Ennomus,False,False,0.957424520748037
3537964,Historicity_of_the_Homeric_epics,False,False,0.9572852097701912
23642146,Outline_of_ancient_Greece,False,False,0.9572660620934608
33502355,Pontic_Group,False,False,0.9572501236599467
380138,Dnieper,False,False,0.9564758773992209
7454874,Magic_in_the_Graeco-Roman_world,False,False,0.9559538322781186
17659098,Moly_(herb),False,False,0.9555737152061343
77218,Achelous,False,False,0.9553796712814825
8543791,Captain_Marvel_Jr.,False,False,0.9551041918125732
45325004,The_Loves_of_Paris_and_Helen,False,False,0.9550377061306221
1452328,Ptolemaeus_Chennus,False,False,0.9548567059143419
9524262,Staatliche_Antikensammlungen,False,False,0.9547957565408717
5052350,Heroon,False,False,0.9542004750881723
222599,John_Flaxman,False,False,0.9541593789013522
84223,Gargareans,False,False,0.9541066978766254
6059756,Douris_(vase_painter),False,False,0.9532697396181965
969550,Iphigenia_in_Aulis,False,False,0.9530259207975156
3865621,Dragon\'s_teeth_(mythology),False,False,0.9520864295310538
1927,Ara_(constellation),False,False,0.951902063942455
78597,Amazonomachy,False,False,0.95174035825641
21073652,"Wellington_Monument,_London",False,False,0.9511947210671219
37945,Giovanni_Paisiello,False,False,0.9511357899663182
45748,Chariot,False,False,0.9508787727546499
1952527,Attic_War,False,False,0.9506634316427299
25595604,Military_history,False,False,0.9503738630762587
3252046,Rota_Fortunae,False,False,0.9502897139262884
14431842,Penthesilea_Painter,False,False,0.9501017166910909
24106170,Ancient_Thessaly,False,False,0.9500930331349361
5318527,Ancient_Greek_cuisine,False,False,0.949929383906607
2018976,Dionysian_Mysteries,False,False,0.949611926439598
403585,Captain_Marvel_(DC_Comics),False,False,0.9491696684164506
6413491,Pygmy_(Greek_mythology),False,False,0.9491061648312306
23474985,Jean-Baptiste_Lully,False,False,0.948952556553051
80069,Damocles,False,False,0.9488442040746615
31028453,Arke,False,False,0.9484362158546915
3611188,Halizones,False,False,0.9483343106578445
9537367,Cap_of_invisibility,False,False,0.9482931240673752
88454,Chimera_(mythology),False,False,0.948272231849096
78976,Telephus,False,False,0.9482142168479756
6976731,Andokides_painter,False,False,0.948127513089415
14437646,Kratos_(God_of_War),False,False,0.9476161819137114
80621,Kykeon,False,False,0.947579059779254
934009,List_of_Greek_mythological_creatures,False,False,0.9474402964229655
1981177,Talaria,False,False,0.9466888990770833
9986064,Roman_de_Troie,False,False,0.9466820777604286
9248867,Harpe,False,False,0.9466759390411935
922838,Epithets_in_Homer,False,False,0.9464363434670481
48030,Jean-Auguste-Dominique_Ingres,False,False,0.9463049724318213
4218880,Achilles_and_Patroclus,False,False,0.9462889617113458
1199303,Lotus_tree,False,False,0.9461959501623848
1767,Ammianus_Marcellinus,False,False,0.9458270020568227
461178,Nysa_(mythology),False,False,0.9457679634846636
3206672,Owl_of_Athena,False,False,0.9453756775798582
20606134,Bident,False,False,0.945232447741163
16391,Judgement_of_Paris,False,False,0.9452074516847294
2646107,Baetylus,False,False,0.9452009902464338
5771,Christopher_Marlowe,False,False,0.9451823836642297
1354893,Winnowing_Oar,False,False,0.9451806144039585
729695,Panacea_(medicine),False,False,0.9451806144039585
13264461,Ulysses_(1954_film),False,False,0.9451676185397238
5098574,Hell,False,False,0.9451422966955941
19180547,Parthia,False,False,0.9451137965541389
713051,Mary_Marvel,False,False,0.9450632815998137
84369,Underworld,False,False,0.9448816036665734
38312185,List_of_minor_Greek_mythological_figures,False,False,0.9442598510868517
3952114,Sexuality_in_ancient_Rome,False,False,0.9442303299469813
1160627,Marvel_Family,False,False,0.9440961005119081
38987978,Ploutonion_at_Hierapolis,False,False,0.9440353990386521
10803582,Lykaia,False,False,0.9440045661006503
1547367,Achilleid,False,False,0.9439976441386644
42058,Unknown_God,False,False,0.9439880168868526
1494881,Panchaia_(island),False,False,0.9439880168868526
18811438,Sacred_Way,False,False,0.9439776924432992
4203103,Skira,False,False,0.9439776924432992
390772,Snake_Island_(Black_Sea),False,False,0.9436288516891012
102864,Shazam_(wizard),False,False,0.9435166780041946
60525111,The_Trials_of_Shazam!,False,False,0.9435166780041946
29033435,Hecatoncheires,False,False,0.9432392926174824
43613050,Shazam!_(film),False,False,0.9428552946591818
29138679,Oggar,False,False,0.9428552946591818
676516,Black_Adam,False,False,0.9428552946591818
2066122,Lieutenant_Marvels,False,False,0.9420932386853025
2066366,Bill_Parker_(comics),False,False,0.9420932386853025
28826929,The_Trojan_Horse_(film),False,False,0.9419482629367115
230962,Museo_del_Prado,False,False,0.9413872928929119
203963,Hephaestion,False,False,0.940624835733162
85262,Mysia,False,False,0.9405609547921026
2041764,Kleophon_Painter,False,False,0.940441767481406
6413614,Antimenes_Painter,False,False,0.9403895649252588
562737,HMS_Ajax_(22),False,False,0.9403043901534472
18245,Labyrinth,False,False,0.9400819681663306
17909,Led_Zeppelin,False,False,0.94000150282162
12514,Ghost,False,False,0.9396243633527582
53930,Ulysses_(novel),False,False,0.9394424441411949
49456623,Parallels_between_Virgil\'s_Aeneid_and_Homer\'s_Iliad_and_Odyssey,False,False,0.9392281743845569
3475205,Cyclops_(play),False,False,0.9378656728512407
3298711,Rhesus_(play),False,False,0.9375507123926922
2388402,Capitoline_Museums,False,False,0.9372500909056124
84966,Turnus,False,False,0.9371010440936101
693500,Antonio_Caldara,False,False,0.9370947938576023
372251,Palais_Bourbon,False,False,0.9368707383169572
14084,Heterosexuality,False,False,0.9367991551054513
2090445,Cypria,False,False,0.9365228748867923
52920954,Sappho_Painter,False,False,0.9353440459093266
5488304,Homosexuality,False,False,0.9349095059765864
3366503,Andromache_(play),False,False,0.9348075528781732
437760,HMS_Achilles,False,False,0.9347680823712643
1194265,HMS_Exeter_(68),False,False,0.9347328979158547
33455670,Nearchos_(painter),False,False,0.9344856805847498
573113,Cressida,False,False,0.9344671320839864
246725,Symposium_(Plato),False,False,0.9344568168406634
11377617,Rediscovering_Homer,False,False,0.9341728508847474
2254896,Helen_of_Troy_(film),False,False,0.9333008075021639
181549,Mytilene,False,False,0.9331882791624482
37312676,The_Baltic_Origins_of_Homer\'s_Epic_Tales,False,False,0.9330921125823547
33495673,Lysippides_Painter,False,False,0.9322553918256918
14433444,Eretria_Painter,False,False,0.9322396266990324
967149,The_Trojan_Women,False,False,0.9321052204142087
32745,Venus,False,False,0.9320645401948903
1189247,"Museum_of_Fine_Arts,_Boston",False,False,0.9320504409043076
33490800,Leagros_Group,False,False,0.9318064773765727
4230051,Homer\'s_Ithaca,False,False,0.9317017020117699
207981,Henry_Fuseli,False,False,0.9316817261472311
2992467,The_Golden_Apple_(musical),False,False,0.931656002101252
33455792,C_Painter,False,False,0.9315089560296527
253977,Philip_Wicksteed,False,False,0.9310726565949511
2083990,Little_Iliad,False,False,0.9309980588529555
33489866,Taleides_Painter,False,False,0.9308209385044893
41057357,Painter_of_the_Berlin_Dancing_Girl,False,False,0.9306819803399855
33494614,Painter_of_Munich_1410,False,False,0.930205847680463
33490246,Mannerists_(Greek_vase_painting),False,False,0.930205847680463
11145369,House_of_the_Tragic_Poet,False,False,0.9300660357688213
610283,On_First_Looking_into_Chapman\'s_Homer,False,False,0.9299358852638983
27138585,Hermoniakos\'_Iliad,False,False,0.9299358852638983
2673344,Chorizontes,False,False,0.9299328752657287
5829075,On_Translating_Homer,False,False,0.9299298251527823
27312585,The_Odyssey_(Smith),False,False,0.9299298251527823
459285,Royal_New_Zealand_Navy,False,False,0.929854912150423
21709242,The_Apotheosis_of_Homer,False,False,0.9297293321038597
11198081,Tarquinia_Painter,False,False,0.9296160782668715
22393126,Inferno_(Dante),False,False,0.929562433084173
37327881,Achilles_on_Skyros,False,False,0.9295348694080208
75462,Cilicia,False,False,0.9293659307896381
16419238,List_of_Etruscan_mythological_figures,False,False,0.9284085380302984
755109,Ilium_(novel),False,False,0.9283417934785159
214051,Johann_Adolph_Hasse,False,False,0.9282808621546277
327389,Prometheus_Bound,False,False,0.9281934985835284
357363,Luigi_Cherubini,False,False,0.9277363313275014
75839,Aquileia,False,False,0.9275036111592506
1987847,Benoît_de_Sainte-Maure,False,False,0.927485540494306
3383921,Simoeis,False,False,0.9271801993146593
54083985,Aeolus_(Odyssey),False,False,0.9271595344819392
38497282,Helena_(1924_film),False,False,0.9265919561513226
2084075,Iliupersis,False,False,0.9264103773253861
796133,USS_Achilles_(ARL-41),False,False,0.925877241085579
40370619,Charles_Wicksteed,False,False,0.9258597647065328
3626486,Tondo_(art),False,False,0.9250062609957211
1925,Andromeda_(mythology),False,False,0.9249131962696402
2487819,HMS_Achille,False,False,0.923987080270495
586080,John_Malalas,False,False,0.9237989102497379
2445948,French_ship_Achille_(1803),False,False,0.9236712462963115
4615,Battle_of_Agincourt,False,False,0.9232227231551032
162329,John_Gay,False,False,0.9230931865496942
302626,Ionian_Islands,False,False,0.9229155703991996
83565,Hippomenes,False,False,0.9228924800570746
5228701,Posthomerica,False,False,0.9228436026418035
36483836,Fate/Apocrypha,False,False,0.9228100511277912
26447,Resurrection,False,False,0.9225842190118329
162051,Thomas_Arne,False,False,0.9223806065721875
535930,Paeonia_(kingdom),False,False,0.9216244782794473
1715921,Ajax_(play),False,False,0.9213379811327679
6925609,Cabinet_des_Médailles,False,False,0.9206540159636013
59532049,Achille_in_Sciro,False,False,0.9205465484185061
2407137,Ambrosian_Iliad,False,False,0.9202257542767434
344149,Ulysses_(poem),False,False,0.9199359400907864
17138553,Berthouville_Treasure,False,False,0.9196799888186027
2153207,The_Triumph_of_Steel,False,False,0.919644259137143
37321585,The_Firebrand,False,False,0.9195863638532723
54909873,List_of_Fate/Apocrypha_characters,False,False,0.9192851776226952
33415363,Warriors_Orochi_3,False,False,0.9190951853927127
24797,Proclus,False,False,0.9185067868522508
8363,Divinity,False,False,0.9184894709076091
2083827,Aethiopis,False,False,0.9183137242811845
216781,Giovanni_Battista_Tiepolo,False,False,0.9180883627877848
79334,Xanthos,False,False,0.9178572682065153
30779624,Kolonai,False,False,0.9177709306739292
2109453,Spercheios,False,False,0.9176947904634105
8317352,Achilleion_(Corfu),False,False,0.9175895926965463
826291,Aegina_(mythology),False,False,0.9175271152629002
562679,Leander-class_cruiser_(1931),False,False,0.917356150189003
36658496,Troy_Book,False,False,0.91698411516852
310751,Magnesia_(regional_unit),False,False,0.9166806617426767
78593,Otrera,False,False,0.9164955932977801
2089765,Nostoi,False,False,0.9164412525034997
6474366,White_ground_technique,False,False,0.916091315518638
29820181,Arnold_Lupton,False,False,0.9157869541528801
651959,Basileus,False,False,0.9151738391166812
370152,Sporades,False,False,0.9150783438477073
8223762,Decline_of_Greco-Roman_polytheism,False,False,0.9148893240344362
2943008,Social_alienation,False,False,0.914501670745984
11074779,Barry_Purves,False,False,0.914501670745984
5897315,Trojan_Battle_Order,False,False,0.9144136563830848
757221,Pelion,False,False,0.9142494845908192
1176422,The_Cantos,False,False,0.9141305780474964
672391,Teatro_di_San_Carlo,False,False,0.9139061179376532
2186340,Achilles_tendon_rupture,False,False,0.913610299671025
1872746,Zeugma_(Commagene),False,False,0.9135685640468635
1430935,Hysteron_proteron,False,False,0.9133783860289901
43274192,Andromache_Mourning_Hector,False,False,0.9132910938427765
1556348,Xenia_(Greek),False,False,0.9132616428612654
8615393,Guido_delle_Colonne,False,False,0.9132355152723326
2711926,The_Odyssey_(miniseries),False,False,0.912456887803442
8406,Dative_case,False,False,0.9118660137616952
1877780,Actor_(mythology),False,False,0.9114793991906794
4373575,Trojan_War_in_popular_culture,False,False,0.9114113098444164
7310687,Lyrnessus,False,False,0.9112695071481846
27195481,Ransom_(Malouf_novel),False,False,0.9109792979995571
335028,Wars_of_Alexander_the_Great,False,False,0.9105720017373379
80577,Atreus,False,False,0.9097212862570481
59787,Loanword,False,False,0.9096476957308931
515203,Wicksteed_Park,False,False,0.9091913766961337
3369664,Helen_of_Troy_(miniseries),False,False,0.9090073324572169
1840824,The_Myth_Makers,False,False,0.9086525504254765
214031,Leonardo_Leo,False,False,0.9086291255536205
2453404,A_True_Story,False,False,0.9085538757985249
2226891,Ballad_opera,False,False,0.9084242400766499
2235925,And_Then_There_Was_Silence,False,False,0.9080040086126131
78397,Paean,False,False,0.9076996198024039
11975860,List_of_children_of_Priam,False,False,0.9076530621863091
3414121,Hecuba_(play),False,False,0.9076316895232306
1806193,Teumessian_fox,False,False,0.9074296309302798
53358988,Troy:_Fall_of_a_City,False,False,0.9068857194343667
1036847,Coriolanus,False,False,0.9062982090812756
154997,Lost_work,False,False,0.9060966764096111
1796568,Phaselis,False,False,0.9058578781058114
4801487,House_of_the_Vettii,False,False,0.905725542548518
2445603,Names_of_the_Greeks,False,False,0.9053836765162022
45313231,The_Ambassadors_of_Agamemnon_in_the_tent_of_Achilles,False,False,0.905225847820374
13420995,List_of_Etruscan_names_for_Greek_heroes,False,False,0.9051351727250485
74170,Achillea_millefolium,False,False,0.9050344856948159
29589470,Muscle_cuirass,False,False,0.9049598568802706
2842461,Heroides,False,False,0.9042449454284497
564678,Abstract_strategy_game,False,False,0.9039973249394835
209836,François_Rude,False,False,0.9038466500184645
727836,Harry_Potter_(character),False,False,0.9032516567995713
30185303,Aulis_(ancient_Greece),False,False,0.9027305757268016
3685616,The_Penelopiad,False,False,0.9027233741524402
38003470,Ainis,False,False,0.902281249949345
31497818,Golden_Age,False,False,0.9022577684671517
30796771,Achilleion_(Troad),False,False,0.9022017629992111
51122542,Meanings_of_minor_planet_names:_1–1000,False,False,0.9019365465946794
8093233,Rick_Riordan,False,False,0.9018653000638193
1138675,Alexander_(2004_film),False,False,0.9017889578920923
908106,Sophrosyne,False,False,0.9016327877333002
18952656,Getty_Center,False,False,0.901615146498933
78731,Adrasteia,False,False,0.9016101823386189
936988,Hermione_(mythology),False,False,0.9014640107245481
7468295,Geography_of_the_Odyssey,False,False,0.9013420872607166
22375994,Weighing_of_souls,False,False,0.9013335662627328
28826778,The_Fury_of_Achilles,False,False,0.901276921854929
7106961,Borghese_Gladiator,False,False,0.9012716156539776
34535,Zeno\'s_paradoxes,False,False,0.9011019734039388
5628583,The_Shield_of_Achilles,False,False,0.9008458629129849
2963660,Shakespeare\'s_plays,False,False,0.9007743129693666
22746355,Les_Aventures_de_Télémaque,False,False,0.9007085818440003
1727257,Achilles_Last_Stand,False,False,0.9006554800404507
879245,Villa_of_the_Papyri,False,False,0.9006233240662883
1889530,"List_of_monuments_to_Arthur_Wellesley,_1st_Duke_of_Wellington",False,False,0.9003587960704938
31363701,Altar_of_Domitius_Ahenobarbus,False,False,0.9003220012245026
78968,Niobe,False,False,0.9002544682483934
452293,Ulysses_31,False,False,0.900065504814766
49907,Caracalla,False,False,0.8999699438451656
250448,The_Odyssey:_A_Modern_Sequel,False,False,0.8998644028351288
3346603,The_World\'s_Desire,False,False,0.8998019350305729
604522,Indian_Navy,False,False,0.8997868487469354
3182765,Franks_Casket,False,False,0.8996746960202837
30640214,Ophryneion,False,False,0.8995428491971489
3401,Board_game,False,False,0.8995058368496531
972745,Electra_(Euripides_play),False,False,0.8994941028419274
22216,"O_Brother,_Where_Art_Thou?",False,False,0.899431928305744
6960230,The_Death_of_Achilles,False,False,0.8992391587600282
30863332,Monteleone_chariot,False,False,0.8991774212451518
1249630,Il_ritorno_d\'Ulisse_in_patria,False,False,0.8987336412740357
256332,Achillea,False,False,0.8985727123775227
2633935,Deidamia_(opera),False,False,0.8985633393650245
4207801,Odysseus_Unbound,False,False,0.8983351890711343
22570875,L\'Odissea,False,False,0.8983130002683609
555585,Demogorgon,False,False,0.8980601471181687
25767403,List_of_mannerist_structures_in_Northern_Poland,False,False,0.8979434179035735
2629167,Kiliya,False,False,0.8978995960143589
3023105,Trojan_Odyssey,False,False,0.8977105765203045
4409787,King_Priam,False,False,0.8977092174691526
538980,Gregory_Nagy,False,False,0.8977047910053507
605810,Shakespearean_problem_play,False,False,0.8976515885169397
31860919,Orestes_Pursued_by_the_Furies,False,False,0.8973700006553047
18603822,Illyrian_languages,False,False,0.897268569560493
5325402,Wishbone_and_the_Amazing_Odyssey,False,False,0.8971275749076438
5229624,Odysseus\'_scar_(Auerbach),False,False,0.897120291335912
3135310,Ulysses\'_Gaze,False,False,0.897120291335912
10560769,Glam_Slam_Ulysses,False,False,0.897112899170274
14734583,Odysseus_and_the_Isle_of_the_Mists,False,False,0.897112899170274
52815902,Ithaka_(play),False,False,0.8971053959638824
5595597,Big_Fish:_A_Novel_of_Mythic_Proportions,False,False,0.8971053959638824
16761967,Pasquino_Group,False,False,0.8970987339981933
11025229,Pagan_Operetta,False,False,0.897097779195823
9935651,Home_Sweet_Homer,False,False,0.897097779195823
12132744,Star_Trek:_Odyssey,False,False,0.897097779195823
18361148,The_Return_of_Ringo,False,False,0.897097779195823
26146156,The_Lost_Books_of_the_Odyssey,False,False,0.897097779195823
32539171,Keyhole_(film),False,False,0.897097779195823
21457379,Current_Nobody,False,False,0.897097779195823
48638538,L\'Odissea_(1911_film),False,False,0.8970900462682919
20154382,Odyssey:_The_Search_for_Ulysses,False,False,0.8970900462682919
292437,The_Rape_of_the_Lock,False,False,0.8970590504728999
50247,Presence_(album),False,False,0.8969670878243937
235929,Pomponius_Mela,False,False,0.896930748593975
33621766,Heimarmene,False,False,0.8966395436835572
103251,Francesco_Cavalli,False,False,0.896419312364433
153029,Empress_Elisabeth_of_Austria,False,False,0.8961878532076869
6312142,Where_Troy_Once_Stood,False,False,0.8961742172208198
3828146,Imperial_cult_of_ancient_Rome,False,False,0.8959603447533547
38770565,Neandreia,False,False,0.8956494302576532
229167,Bucephalus,False,False,0.8954439008467457
8014378,Ilias_Latina,False,False,0.8951073563243676
81973,Tenes,False,False,0.8948014220355653
549465,Leleges,False,False,0.8945305217778389
338056,Christa_Wolf,False,False,0.8944801957367776
7425218,Deception_of_Zeus,False,False,0.8943833824171444
53747205,Eurypylus_(son_of_Telephus),False,False,0.8941865092050298
5572392,Milawata_letter,False,False,0.8940879495272681
2564143,Philoctetes_(Sophocles_play),False,False,0.8938054872420709
13458,List_of_historical_period_drama_films_and_series_set_in_Near_Eastern_and_Western_civilization,False,False,0.893597320923976
10382620,National_Museum_of_Beirut,False,False,0.8932341900309612
857051,Karna,False,False,0.8931778586504155
29461429,Philostratus_of_Lemnos,False,False,0.8930576516967274
8405629,De_bello_Troiano,False,False,0.8925840204484375
1227015,Omeros,False,False,0.8924195909929178
187709,BBC_Television_Shakespeare,False,False,0.8923844052540562
423573,Doctor_Faustus_(play),False,False,0.8922213797760079
7952603,History_of_Crimea,False,False,0.8922010867376813
7173419,Venetus_A,False,False,0.8921071581861186
21563120,Etruscan_military_history,False,False,0.8919620133721605
22367757,Glenn_W._Most,False,False,0.8919484995493896
155712,Max_Bruch,False,False,0.8916800652078526
1419781,I_Modi,False,False,0.8914825247791224
3657390,Nous,False,False,0.8913925064055939
1412016,Antiope_of_Thebes,False,False,0.8912651079691846
10006712,War_Music_(poem),False,False,0.8911409787809211
11823418,HMS_Achilles_(1905),False,False,0.8904832150358275
2324014,Prometheia,False,False,0.8904472665723664
35297249,Priapea_68,False,False,0.8902268723025002
28929055,Black_Ships_Before_Troy,False,False,0.890221080146955
24513782,The_Iliad_or_the_Poem_of_Force,False,False,0.890218143114849
31149859,The_Revelers_Vase,False,False,0.8902091635015565
1986875,Ever_to_Excel,False,False,0.8902091635015565
31063360,Starcrossed_(novel),False,False,0.8902091635015565
13757963,Troy_(novel),False,False,0.8902091635015565
29683208,In_Search_of_the_Trojan_War,False,False,0.8902061127754421
19722637,Uncial_098,False,False,0.8902061127754421
32836293,Papyrus_Oxyrhynchus_20,False,False,0.8902061127754421
32836508,Papyrus_Oxyrhynchus_21,False,False,0.8902061127754421
17628731,Codex_Nitriensis,False,False,0.8902061127754421
25246751,Men_in_Aida,False,False,0.8902061127754421
3273798,Hold_your_horses,False,False,0.8901999225293669
6867588,Achille_et_Polyxène,False,False,0.8900873361951572
7683397,Ancient_Greek_boxing,False,False,0.8900308141522173
51121410,Meanings_of_minor_planet_names:_1001–2000,False,False,0.8898339699887058
25742815,Achilles_and_Briseis,False,False,0.8892394232963718
1551078,Altes_Museum,False,False,0.8892027054707007
19159,Mile,False,False,0.8891858709362087
38472,Shakespearean_tragedy,False,False,0.888844901887242
900110,The_Anabasis_of_Alexander,False,False,0.888844186484543
58604069,The_Sacrifice_of_Polyxena_(Charles_Le_Brun),False,False,0.8887867499267579
39799201,Meanings_of_minor_planet_names:_228001–229000,False,False,0.8887462687568195
37469798,David_Gyasi,False,False,0.8885587557021837
217293,Arctinus_of_Miletus,False,False,0.8884892555349742
10402784,Poemander_(mythology),False,False,0.8884768649033611
57560480,Assassin\'s_Creed_Odyssey,False,False,0.8882459793421125
5182671,Il_Filostrato,False,False,0.888017256446482
9331306,Aeacidae,False,False,0.8879984591821556
10254190,François-Léon_Benouville,False,False,0.88791686174383
23454982,Mind_Sports_Olympiad,False,False,0.8876492926380882
60788,Amphion,False,False,0.8875644082218875
33252367,Biga_(chariot),False,False,0.8875135634958311
5088388,Iphigenia_(film),False,False,0.8874020705560313
83237,David_Gemmell,False,False,0.8873130083735523
722345,Achilles_(disambiguation),False,False,0.8871114218233623
8615373,Historia_destructionis_Troiae,False,False,0.8870795680244573
28517410,History_of_cross-dressing,False,False,0.8870666889401359
10924580,USS_Myrmidon_(ARL-16),False,False,0.8870438340371241
21327279,Percy_Jackson,False,False,0.8869929866096196
9017373,Troilus_and_Cressida_(opera),False,False,0.8869001043784597
2810904,The_House_of_Fame,False,False,0.8866339878863447
28025690,Battle_of_Cochin_(1504),False,False,0.8863455946485073
10032789,Single_combat,False,False,0.8862907473837256
6169448,Iphigénie_en_Aulide,False,False,0.8861655591198324
408944,Boris_Akunin,False,False,0.8861564943628276
83021,Caeneus,False,False,0.8857004680259666
7003923,Domenico_Sarro,False,False,0.8853655599723171
53210572,The_Face_of_Love_(1954_film),False,False,0.8852881345514421
10925723,USS_Patroclus,False,False,0.885233566333405
2444376,French_ship_Achille,False,False,0.8851924238855932
1750909,The_Songs_of_the_Kings,False,False,0.885112050520948
161008,James_Barry_(painter),False,False,0.885085883624317
1511862,Meanings_of_minor_planet_names:_11001–12000,False,False,0.8850633397748636
57883771,The_Sacrifice_of_Polyxena,False,False,0.8850570101807939
17103032,The_Testament_of_Cresseid,False,False,0.8850217646598958
6378656,"Pelasgia,_Phthiotis",False,False,0.8846259981632751
1583485,Meanings_of_minor_planet_names:_12001–13000,False,False,0.8843302985585917
11168349,Rise_of_the_Argonauts,False,False,0.8840144076433548
82134,Hellen,False,False,0.8839587817400066
429955,Literary_topos,False,False,0.8839135191665235
2036655,Duarte_Pacheco_Pereira,False,False,0.8838821951629712
4893490,Borysthenes,False,False,0.8838549338295206
8875,Dan_Simmons,False,False,0.8838207204955743
19147008,Pierre_Gardel,False,False,0.8836332756544449
1597811,Meanings_of_minor_planet_names:_22001–23000,False,False,0.8836203800078098
58561212,Deidamia_(Greek_myth),False,False,0.883567841793905
11457079,Ermione,False,False,0.8835111853370072
1458283,Kleos,False,False,0.8834885510920594
308807,Shakespearean_history,False,False,0.8834832037588009
308767,Shakespearean_comedy,False,False,0.8833778934736991
1412864,Steve_McManaman,False,False,0.8832840472678611
4564287,Ares_(Marvel_Comics),False,False,0.8831321366913253
35986123,Madeline_Miller,False,False,0.8830138642273796
4005,Battle_of_Pharsalus,False,False,0.8828732141951745
1646170,De_Astronomica,False,False,0.8827192425079363
48090,Llywelyn_the_Great,False,False,0.8826004496734496
5950282,Meanings_of_minor_planet_names:_48001–49000,False,False,0.8825240274003433
58620870,The_Silence_of_the_Girls,False,False,0.8823043457163657
77731,Endeïs,False,False,0.8821552271661821
13818486,Cassandra_(novel),False,False,0.8820606211029924
45325127,The_Anger_of_Achilles,False,False,0.8819941001863655
3389572,Chilia_Veche,False,False,0.8819175866570077
409026,Erast_Fandorin,False,False,0.8816507951420177
35708764,Roman_Cyprus,False,False,0.881605974579141
45325525,The_Funeral_Games_of_Patroclus,False,False,0.8816048873842064
28291171,La_Olmeda,False,False,0.8813374720147071
18426,Lithography,False,False,0.8812592493967027
83725,Chariclo,False,False,0.8812509484091329
33502827,Black-glazed_Ware,False,False,0.8811352060957416
27157718,Polydorus_of_Troy,False,False,0.8810395768949351
84119,Erymanthian_Boar,False,False,0.8810125707156099
561399,Detroit_Institute_of_Arts,False,False,0.8807130922358545
44275157,Dionysus_Cup,False,False,0.8806486854635193
443498,Blond,False,False,0.8803564734931112
30188578,Roman_mosaic,False,False,0.880352096073466
37131603,Funeral_games,False,False,0.8798466942016543
323149,Matter_of_Rome,False,False,0.8797793340752991
28017,Sirius,False,False,0.8795010683690322
796135,USS_Achilles,False,False,0.8793136948630891
7714685,Locrians,False,False,0.8791962272418749
13564103,Inscriptiones_Graecae,False,False,0.8791893767503732
7589580,Joachim_Latacz,False,False,0.8791169160055928
45333237,"List_of_public_art_in_Hyde_Park,_London",False,False,0.8790913153554709
20007123,The_Last_Olympian,False,False,0.8790656991219692
2132193,List_of_wartime_cross-dressers,False,False,0.8788986378487473
3064546,List_of_Shakespearean_characters_(A–K),False,False,0.878888128124441
222963,Flag_of_Greece,False,False,0.878783339602771
2963367,Olympian_(comics),False,False,0.8787015960612503
1989219,Siphnian_Treasury,False,False,0.8782433833024401
54464305,Achilles_(opera),False,False,0.8781081012006315
81510,Tros_(mythology),False,False,0.877980290678693
45612729,Olympus_(TV_series),False,False,0.8779604609319118
3750754,List_of_ICD-9_codes_710–739:_diseases_of_the_musculoskeletal_system_and_connective_tissue,False,False,0.8779216039161447
6134,Charybdis,False,False,0.877910632392824
1315350,Meanings_of_minor_planet_names:_31001–32000,False,False,0.8777860963139313
7472520,Augustus_of_Prima_Porta,False,False,0.8776126060549874
924695,Veliko_Gradište,False,False,0.8776015386391299
58604146,The_Sacrifice_of_Polyxena_(Giovanni_Francesco_Romanelli),False,False,0.877304846975409
7336687,Musée_Fabre,False,False,0.8772804849217672
10387983,Stratonice_(mythology),False,False,0.8772456549013354
58530176,Methone_(Messenia),False,False,0.8770435442977922
1870643,Alexander_the_Great_(1956_film),False,False,0.8769902151223143
41279607,Leonard_Robert_Palmer,False,False,0.8769722584193913
32770618,List_of_characters_in_mythology_novels_by_Rick_Riordan,False,False,0.8767280075870736
9315140,Sperlonga_sculptures,False,False,0.8766264156646576
33495924,Laconian_vase_painting,False,False,0.8761913900407533
7709166,Nostos,False,False,0.8760692319644451
81105,Talos,False,False,0.8760593105704397
840226,Astypalaea,False,False,0.8760183590148295
5767564,Olympos_(novel),False,False,0.875998121127864
2127681,Giuseppe_Sarti,False,False,0.8759488681336157
14588403,Neoptolemus_I_of_Epirus,False,False,0.8756004153521801
12837452,Ilium/Olympos,False,False,0.8753440064538239
2684375,Character_flaw,False,False,0.8751469011301037
54970534,Marian_Maguire,False,False,0.8750037081516648
8779630,Troy:_Fall_of_Kings,False,False,0.8748071753917596
400037,"John_Talbot,_1st_Earl_of_Shrewsbury",False,False,0.8746157216057312
213895,Lesches,False,False,0.8745354685105697
1098679,Stanley_Baker,False,False,0.8744534287196789
13062594,Pileus_(hat),False,False,0.874002036851305
1655972,Giuseppe_Gazzaniga,False,False,0.8739254792449391
24481686,Desco_da_parto,False,False,0.8738025023319619
59543039,Amyntor_(son_of_Ormenus),False,False,0.8736885198540237
2584966,HMS_Achille_(1798),False,False,0.8736202120004554
19667085,Abas_(mythology),False,False,0.8736024926607024
1213430,David_Malouf,False,False,0.873583071553486
2323976,Prometheus_the_Fire-Bringer,False,False,0.8735681329661444
20842947,Cross-dressing_in_literature,False,False,0.873491883262576
82475,Daedalion,False,False,0.873407506744541
887473,Compound_(linguistics),False,False,0.8733147587316247
7411820,Pallas_(son_of_Evander),False,False,0.8731613662084861
42708,Bion_of_Smyrna,False,False,0.872970015112859
19763336,Glory_of_Heracles,False,False,0.8729532212135828
1261521,Tristia,False,False,0.8729060748709393
43459914,Percy_Jackson\'s_Greek_Gods,False,False,0.8728578473206304
6124294,Returns_from_Troy,False,False,0.8727895108813623
58260443,Larissa_Cremaste,False,False,0.8726555798394526
48656768,Thetis_Receiving_the_Weapons_of_Achilles_from_Hephaestus,False,False,0.872445481630721
302803,Henri_Regnault,False,False,0.8716798441954663
477944,Timeline_of_LGBT_history,False,False,0.8714952143215412
84205,Eurypylus,False,False,0.8714620508582719
29923447,Hemithea_(mythology),False,False,0.8713060686800566
84671,Pisidice,False,False,0.8711461714004533
98352,Stock_character,False,False,0.8710724438788989
19750956,Demoleon,False,False,0.8710714940960602
59449854,Epeius_of_Phocis,False,False,0.8708075877059963
53210,Marion_Zimmer_Bradley,False,False,0.8707164112098612
4610463,Andromaque,False,False,0.8706388908891749
461437,Christopher_Eccleston,False,False,0.8705849932631818
15834,Satires_(Juvenal),False,False,0.8705708551670198
9658484,Champion_warfare,False,False,0.8699902348193226
25767358,Mannerist_architecture_and_sculpture_in_Poland,False,False,0.8699311075903574
35554143,October_Horse,False,False,0.8698367530034988
30103357,Dnieper–Bug_estuary,False,False,0.8697385626011088
153945,Vow,False,False,0.869653037325823
449938,Triskelion,False,False,0.869621946771786
4040329,1991–92_in_English_football,False,False,0.8696120953796322
58444778,Thetidium,False,False,0.8695367799291528
25338244,Pincum_relief,False,False,0.8694558445009095
81938,Eetion,False,False,0.8694200559526672
270381,Red_hair,False,False,0.8693700442039092
3659487,Museum_Boijmans_Van_Beuningen,False,False,0.8692983259875636
8961083,Penthesilea_(Kleist),False,False,0.8691283191612541
7484986,Leo_the_Deacon,False,False,0.8689770616432748
11994784,Mythic_Warriors,False,False,0.8689284977852207
1779389,Cosmas_of_Prague,False,False,0.8689284977852207
944386,Kenneth_Dover,False,False,0.8688960182290578
12202446,Bassae_Frieze,False,False,0.8685753761709485
11985,Graffiti,False,False,0.8685692282615516
3677371,Penthesilea_(opera),False,False,0.8684029752777994
43088156,Le_Antichità_di_Ercolano,False,False,0.8681774343676152
555313,Manetho,False,False,0.8681659464965766
5117416,"Methoni,_Messenia",False,False,0.8681039119680941
13231353,Troy_series:_Characters,False,False,0.8680817973405639
6960895,Pascal_Collasse,False,False,0.8680121956190435
44737,Bulgars,False,False,0.8678338918567399
2222186,Yale_Center_for_British_Art,False,False,0.8677400481372662
2455406,Halo_(religious_iconography),False,False,0.8676928802838196
155406,Mircea_Eliade,False,False,0.867570500648358
1967286,List_of_cultural_references_in_the_Divine_Comedy,False,False,0.8675258580991283
2690157,Greeks_in_pre-Roman_Crimea,False,False,0.8674667436272638
59280458,Pyrrhichus,False,False,0.8674358849053634
17887627,Orfeo_(Sartorio),False,False,0.8673247329004378
6478905,François_Vase,False,False,0.8672662402065919
53628899,Thersilochus,False,False,0.8671462060268263
51865850,Prosody_(Greek),False,False,0.8671231559727145
8017831,Borgå_Akilles,False,False,0.8670335119334168
6811014,Hippias_Minor,False,False,0.8670134969102561
381507,Colleen_McCullough,False,False,0.8668640740790127
659648,Pat_Barker,False,False,0.8668098736096627
5804554,Hippias_Major,False,False,0.8667019413078628
14672667,Berlin_Foundry_Cup,False,False,0.8666804288043145
3191207,"Egil,_brother_of_Volund",False,False,0.8666205160460051
85692,Charun,False,False,0.8665341650462155
16240702,Opheltes,False,False,0.8663029847509999
13244371,Greek_name,False,False,0.8660958212157007
35790462,Tomb_of_the_Bulls,False,False,0.8660565551143148
840771,Pelagon,False,False,0.865879856221539
2265554,Alaksandu,False,False,0.8658196812694763
3710905,Theban_kings_in_Greek_mythology,False,False,0.8657980478058925
1398303,David_and_Jonathan,False,False,0.8657720583466398
1571706,Wenceslaus_Hollar,False,False,0.8656601218132124
1289902,Anthony_Grafton,False,False,0.8656387020142828
314383,Supertask,False,False,0.8655982726248922
54216864,Amphimachus_of_Caria,False,False,0.8654444468667946
25117418,Ares_(comic_book),False,False,0.8654092360954728
1201822,The_Squire\'s_Tale,False,False,0.8652766874857412
21293270,History_of_graphic_design,False,False,0.8652697746383627
34976731,Aegimius_(poem),False,False,0.8652012842147978
9316394,Vatican_Mythographers,False,False,0.8651427430863072
32235452,LGBT_history_in_Italy,False,False,0.8650263363347489
4050623,Fire_from_Heaven,False,False,0.8649647374539158
5140495,GWR_3031_Class,False,False,0.8649229430256936
2707946,Katabasis,False,False,0.8648427868642058
2897013,Federico_de_Madrazo_y_Kuntz,False,False,0.8648040038036441
40127678,Helena_Fourment,False,False,0.8647873538376509
35925543,Brad_Pitt_filmography,False,False,0.8646732782057269
23055775,MTV_Movie_Award_for_Best_Actor_in_a_Movie,False,False,0.8646732782057269
6156486,Mecisteus,False,False,0.8645973343763413
5251270,HMS_Achilles_(1863),False,False,0.8645794235249296
16726578,Periplus_of_the_Euxine_Sea,False,False,0.8644892720501461
2633400,Orlando_(opera),False,False,0.8644863835759864
2794636,Aeacides_of_Epirus,False,False,0.8643042720350314
149950,Thomas_Banks,False,False,0.8642568786977891
623724,Diomede,False,False,0.8642451288979744
53563729,History_of_Macedonia_(ancient_kingdom),False,False,0.864172669013939
48715504,Temple_of_Neptune_(Rome),False,False,0.8641050173889613
2268111,Mythology_(book),False,False,0.8640932465836304
13526151,Achilleus_(Roman_usurper),False,False,0.8640383144192038
483211,Colossi_of_Memnon,False,False,0.8639106298471972
747361,Toby_Stephens,False,False,0.8638358151124431
29768400,Trigarium,False,False,0.8638112303339825
31154584,Euphorion_(mythology),False,False,0.863809724577041
13436135,Acestor,False,False,0.863752050373784
898693,Magnus_Felix_Ennodius,False,False,0.8636461564300233
3383046,Kourion,False,False,0.8636210486810126
297180,Spit_(landform),False,False,0.8636058693712336
22061053,LGBT_themes_in_mythology,False,False,0.8634751892085197
1420294,GWR_Firefly_Class,False,False,0.8634689193052384
58172321,Pharae_(Messenia),False,False,0.8634597170299292
28926548,Cardamyle,False,False,0.8634597170299292
4220357,List_of_Metamorphoses_characters,False,False,0.8634545639761811
11152113,Podes,False,False,0.8633594489082593
38313276,Xanthus_(mythology),False,False,0.8633584265183961
21958130,Piero_Lulli,False,False,0.8632891577740155
33176325,"Temple_of_Artemis,_Corfu",False,False,0.8632769931449087
3464430,Chaonians,False,False,0.8632299425250377
34976703,Precepts_of_Chiron,False,False,0.8631671786339331
53754191,Hippodamas_(mythology),False,False,0.8631503526616157
59042714,Philyra_(Oceanid),False,False,0.863037418445879
2417700,Mound,False,False,0.8627883865446575
54644,Manowar,False,False,0.8625824308646721
6147199,Dante_Alighieri_and_the_Divine_Comedy_in_popular_culture,False,False,0.8625580174023094
57787186,Thetidio,False,False,0.8625378888800541
33961207,Women\'s_Prize_for_Fiction,False,False,0.862480751095892
21780816,Briseus,False,False,0.8623944949719771
13357114,Acamas_(son_of_Theseus),False,False,0.8623915895373685
854721,Louis_Hersent,False,False,0.8622996726272915
2412150,Nicolae_Densușianu,False,False,0.8622751836067987
342650,Patrick_Shaw-Stewart,False,False,0.8622607727528481
5917482,Harry_Potter_influences_and_analogues,False,False,0.8619830771757383
31153988,Trambelus,False,False,0.8619462466205315
60364882,Sthenelus_(son_of_Capaneus),False,False,0.8619302744913936
197055,Catharsis,False,False,0.8616856302411744
887450,Stanisław_Wyspiański,False,False,0.8616693917198834
3446750,Lycomedes_of_Thebes,False,False,0.8616208532593929
50962948,Persians,False,False,0.8616170181043108
14781299,Heroic_nudity,False,False,0.8615288772277416
6329686,South_Devon_Railway_Buffalo_class,False,False,0.8614904943352931
5875115,Atalanti,False,False,0.8614300250994495
27342621,Polydorus_(son_of_Astyanax),False,False,0.8613826517737614
21377295,Ben_Turner_(actor),False,False,0.8613329689584268
1899315,Shaun_Dingwall,False,False,0.8613329689584268
50304989,Athletics_in_epic_poetry,False,False,0.8612716470209724
42018255,Makoto_Furukawa,False,False,0.8612511709556767
2347999,Gordon_Mitchell,False,False,0.861046867139503
84249,Hicetaon,False,False,0.8609689826613003
41704936,David_R._Slavitt,False,False,0.860922462097002
28626480,Terence_Hawkins,False,False,0.8608960206522341
23431644,Troy_(BBC_radio_drama),False,False,0.8608929499584514
10162152,List_of_Wonder_Woman_enemies,False,False,0.860821936816425
2450308,The_Fountain,False,False,0.8607111251220261
4998564,Antonio_Sartorio,False,False,0.8605798515305284
59487873,Polyxena_sarcophagus,False,False,0.8604394643719603
455908,Harmodius_and_Aristogeiton,False,False,0.8604007152156165
709412,Antonomasia,False,False,0.8599216505075477
14321687,Homeric_prayer,False,False,0.8598492212267367
26440795,Phra_Aphai_Mani,False,False,0.8598138631930681
22734330,Vergina_Sun,False,False,0.859596361592158
7894744,Achilles_number,False,False,0.8595273422692911
17420356,Morpho_achilles,False,False,0.8595273422692911
20020248,Jupiter_and_Thetis,False,False,0.859506857343341
9970568,Rawlinson_Excidium_Troie,False,False,0.8593617110486634
9461410,Capodimonte_porcelain,False,False,0.8593287987578615
4854673,List_of_Trojan_War_characters,False,False,0.8592329021276628
26527517,Jacob_Adolphus_Holzer,False,False,0.8592062208869244
79103,Thoosa,False,False,0.85915482299138
7794998,Ancient_Greek_eros,False,False,0.8589874966912503
43800430,Glory_(honor),False,False,0.8589565727688785
10210898,Achilles_Heel,False,False,0.8588482011685143
2331050,Sperlonga,False,False,0.8588016704730003
6068767,An_Arrow\'s_Flight,False,False,0.8587242802278844
23654407,Lysimachus_of_Acarnania,False,False,0.8585700601075288
365154,Irish_literature,False,False,0.8585516035171935
53807525,Achaean_Leaders,False,False,0.8584413148538661
166150,Thomas_Corneille,False,False,0.8584048284304789
1386264,Mario_Frangoulis,False,False,0.8582933773241687
2320803,Heroic_drama,False,False,0.8582835979633324
2864,Archaeoastronomy,False,False,0.8582774143947449
7692472,Achilleas_Kaimakli,False,False,0.858205398265041
1141488,Egon_Wellesz,False,False,0.8581122987964176
900569,Dionysius_Periegetes,False,False,0.8581025450070975
82490,Hyades_(star_cluster),False,False,0.8580483363200735
1823852,Peuce_Island,False,False,0.857975268990569
9052490,Montefortino_helmet,False,False,0.8579621696035136
10140510,Kardamyli,False,False,0.8578947262428314
54133335,Linus_of_Thrace,False,False,0.857738522572706
58545709,Elis_(city),False,False,0.8574855474058914
13918028,Thymbra,False,False,0.8574741483945881
1312878,Hecamede,False,False,0.85744582900219
725670,17_Thetis,False,False,0.8573125167047658
23788736,Anton_Pichler,False,False,0.8572919033891722
682782,Dog_days,False,False,0.8572598701290323
4002082,Medici_Vase,False,False,0.8571889641010937
43028504,Johannes_Götz,False,False,0.85717970023569
53800983,Suitors_of_Helen,False,False,0.8571441220316808
4601887,Ioannis_Kakridis,False,False,0.8571378791165586
20592794,Ancient_Roman_sarcophagi,False,False,0.8570794728154223
4125264,List_of_people_claimed_to_be_immortal_in_myth_and_legend,False,False,0.8570391753777907
56260958,Damysus_(Giant),False,False,0.8569341750533025
53516412,Joseph-Michel-Ange_Pollet,False,False,0.8568164681312537
44157721,Roman_wall_painting_(200_BC–AD_79),False,False,0.8566648393928016
177032,Eric_Bana,False,False,0.8565800834477724
809258,Bernard_Sergent,False,False,0.8565006606027528
46352425,Roman_funerary_art,False,False,0.8564994506141034
18946525,Epeigeus,False,False,0.8563601652767967
13841843,Princeton_University_Art_Museum,False,False,0.8562671543583811
27774785,18493_Demoleon,False,False,0.8561360259937794
59404415,Pyrrha_(mythology),False,False,0.8560804414260366
84191,Euneus,False,False,0.8560754482779076
33942136,Lovato_Lovati,False,False,0.8560726551194566
3751745,Molosser,False,False,0.8559881115454672
1767400,Catullus_64,False,False,0.8559523318682287
1943019,Gladiatrix,False,False,0.8559434507609426
8871524,Arturo_Dominici,False,False,0.8558761113899033
48945242,Carlo_Aldini,False,False,0.8558745926555491
6361967,Phillip_Parotti,False,False,0.8557874895191756
84171,Eteoneus,False,False,0.8557114833051719
35547704,God_of_War:_Ascension,False,False,0.8556245964412055
78156,Aello,False,False,0.8555537547822026
16055980,Socii,False,False,0.8555512638256298
13894716,Crantor_(mythology),False,False,0.8554768093125702
881842,Aristeia,False,False,0.8553215650964014
9256803,Personal_relationships_of_Alexander_the_Great,False,False,0.8552572891172636
55945206,Dali_(goddess),False,False,0.8552565458969916
10438182,Evenus_(mythology),False,False,0.8552534852317176
10549810,Muster_(military),False,False,0.855210200750828
21261838,Giovanni_de_Gamerra,False,False,0.855210200750828
23571440,Christophe_Veyrier,False,False,0.855210200750828
2333459,Ferdinando_Paer,False,False,0.855210200750828
3881695,Max_Slevogt,False,False,0.855210200750828
1032130,Edward_Shanks,False,False,0.855210200750828
22849153,Karkinit_Bay,False,False,0.855210200750828
17902756,Racecourse_of_Achilles,False,False,0.855210200750828
196963,Ender\'s_Shadow,False,False,0.855210200750828
1009776,French_Parliament,False,False,0.855210200750828
24846998,List_of_Anolis_lizards,False,False,0.855210200750828
16803460,Cattle_of_Helios,False,False,0.855051558957781
23700053,LGBT_themes_in_classical_mythology,False,False,0.8550048866545048
47850053,Bride_price,False,False,0.8549644093735955
18673799,Unguentarium,False,False,0.854959666893923
81125,Hipponous,False,False,0.8549187966648267
60095209,Dryops_(mythology),False,False,0.8547913454250986
14602142,Athenion_of_Maroneia,False,False,0.8546909674303287
58546409,Lycaon_(Greek_myth),False,False,0.8546751300332633
5838842,Aoidos,False,False,0.854601040458363
78157,Podarge,False,False,0.8545987392649521
83082,Hippothoe,False,False,0.8544733661612445
3473306,List_of_crossovers_in_video_games,False,False,0.8544243396788499
5584274,Divine_twins,False,False,0.8543789005779856
6093744,Linothorax,False,False,0.8543582561458936
9819006,Outline_of_classical_studies,False,False,0.8543486971409635
824293,Jean-Baptiste_Regnault,False,False,0.8543096074698842
30944571,Prasiae,False,False,0.8542947859064406
58272592,Deucalion_(mythology),False,False,0.854292796528912
7666896,Taraxippus,False,False,0.8541783662299051
1423075,Aristarchus_of_Tegea,False,False,0.8540059711216663
23475846,La_belle_Hélène,False,False,0.8539778253243894
17632054,Orsilochus,False,False,0.8538647385411013
60089074,Antiphonus,False,False,0.8538392368272437
398318,History_of_sport,False,False,0.8537037074629952
78563,Hippothoon,False,False,0.853603935510759
706019,Laconophilia,False,False,0.8535325199822813
2469889,Sagittarius_(astrology),False,False,0.8534411011476883
2128334,List_of_mythological_objects,False,False,0.8534299795653955
343069,Eleanor_Farjeon,False,False,0.8534142261390034
23908332,Soldier_of_the_Mist,False,False,0.8534142261390034
6880752,Whom_the_Gods_Would_Destroy,False,False,0.8534142261390034
2125186,Spartan:_Total_Warrior,False,False,0.8534142261390034
23703315,List_of_Disney\'s_Hercules_characters,False,False,0.8534104366746789
82665,Orphne,False,False,0.8534050639277206
19754446,Thomas_Johnes,False,False,0.8533536855550435
2695411,Herman_Wilhelm_Bissen,False,False,0.8530875344275515
322239,European_hare,False,False,0.8530237086668464
58888152,Temple_of_Athena_Alea,False,False,0.85297437122487
2498427,Silanion,False,False,0.8529566004224678
854487,Rose_Byrne,False,False,0.8527995518042361
85718,Thesan,False,False,0.8527499129356466
34515701,Trójumanna_saga,False,False,0.8527283539114522
9802540,Vincent_Regan,False,False,0.8526920782077696
8005712,Philomela_(mother_of_Patroclus),False,False,0.8526746706801459
3458485,Class_of_the_Titans,False,False,0.8526488191832337
8822328,Kalamatianos,False,False,0.8526355363551489
67619,Elm,False,False,0.852624935985409
23218575,Tyrone_Savage,False,False,0.8525882035961007
17636223,Mesaulius,False,False,0.8525788030621463
34880896,Enyeus,False,False,0.8525043904639108
34378313,Laetitia_(goddess),False,False,0.8524865126048667
19072612,Batis_(commander),False,False,0.852403248837767
60176617,Pindar\'s_Eighth_Nemean_Ode,False,False,0.8523428547325913
1354382,Fiction_set_in_ancient_Greece,False,False,0.8522714501496641
60096806,Melaneus_(mythology),False,False,0.8522476217047991
549305,Caucones,False,False,0.8521399431246226
2165722,Philoi,False,False,0.8521314859142465
36710537,Raoul_Lefèvre,False,False,0.8521307949283065
55749498,Epiur,False,False,0.8520815534531726
23404763,List_of_Hercules_(1998_TV_series)_episodes,False,False,0.8520713241309168
14212507,Centaurides,False,False,0.8520381485738102
16467275,9694_Lycomedes,False,False,0.8519321745887254
58548588,Dardanus_(Greek_myth),False,False,0.8518405402789629
10501110,Early_history_of_fantasy,False,False,0.8518268999682318
59210201,Pedasus_(Messenia),False,True,0.8518231333661964
49184340,Euphorbos_plate,False,False,0.8518160085815537
60278804,Euphemus_(mythology),False,False,0.8517791519217573
8593637,Areithous,False,False,0.8517159242728696
46250540,Panama–Pacific_commemorative_coins,False,False,0.8516767120110172
200020,Blonde_on_Blonde,False,False,0.8516409256536965
4155673,Liminal_being,False,False,0.8514779490816862
6577162,Funeral_oration_(ancient_Greece),False,False,0.8514534374956189
16615403,List_of_women_warriors_in_folklore,False,False,0.8514324786110298
60386400,Coronis_(lover_of_Apollo),False,False,0.8514098130833234
6421,Cygnus_(constellation),False,False,0.8513972931159383
60451242,Ophelestes,False,False,0.8512955131069441
4053018,Metopes_of_the_Parthenon,False,False,0.851273006785006
24987410,Argos_Pelasgikon,False,False,0.8512682290640646
58453615,Dodona_(Thessaly),False,False,0.8512682290640646
5899,Continuity_(fiction),False,False,0.8511556225417468
12846543,Abia_(mythology),False,False,0.8511196397668409
4773200,"Spy_Fox_2:_\""Some_Assembly_Required\""",False,False,0.8506992286009154
30158201,Capitolias,False,False,0.8506992286009154
18827202,Shun_Yashiro,False,False,0.8506992286009154
38676202,Phyllonorycter_achilleus,False,False,0.8506992286009154
21416202,Telesarchus_of_Aegina,False,False,0.8506992286009154
53453404,Byzantine_silver,False,False,0.8506992286009154
23000404,Flight_of_the_Fire_Thief,False,False,0.8506992286009154
42473004,Southport_War_Memorial,False,False,0.8506992286009154
31858605,Yoshimasa_Hosoya,False,False,0.8506992286009154
29110007,Luke_Kennedy,False,False,0.8506992286009154
670807,List_of_geological_features_on_Tethys,False,False,0.8506992286009154
45294007,Amphora_of_Hermonax_in_Würzburg,False,False,0.8506992286009154
2561008,Neklan,False,False,0.8506992286009154
43508408,41st_Infantry_Regiment_(Greece),False,False,0.8506992286009154
623209,List_of_minor_planets_named_after_people,False,False,0.8506992286009154
6929210,Castel_Nuovo,False,False,0.8506992286009154
7569413,Tasha_Danvers,False,False,0.8506992286009154
55438813,Achilles_(1781_ship),False,False,0.8506992286009154
28718414,Teddy_Williams_(American_football),False,False,0.8506992286009154
12066814,Helen_Retires,False,False,0.8506992286009154
6175014,Casting_the_Stones,False,False,0.8506992286009154
40429216,Warehouse_13_(season_5),False,False,0.8506992286009154
4944616,Hanbury_Hall,False,False,0.8506992286009154
6581217,Antikythera_Ephebe,False,False,0.8506992286009154
10454817,Jason_and_Medea_(painting),False,False,0.8506992286009154
37088218,Har_Senaim,False,False,0.8506992286009154
1483618,Ethriel,False,False,0.8506992286009154
248420,Túrin_Turambar,False,False,0.8506992286009154
21451821,Kamari,False,False,0.8506992286009154
690222,Lovers\'_Legends:_The_Gay_Greek_Myths,False,False,0.8506992286009154
33138423,History_of_AFC_Ajax,False,False,0.8506992286009154
20859223,Friedrich_Preller_the_Younger,False,False,0.8506992286009154
2795424,Jeff_Newman_(baseball),False,False,0.8506992286009154
7029424,Ben_Harding,False,False,0.8506992286009154
34886224,André-Jean-Jacques_Deshayes,False,False,0.8506992286009154
215025,Mike_Fink,False,False,0.8506992286009154
39320626,Gold_glass,False,False,0.8506992286009154
59209227,Aepeia_(Messenia),False,True,0.8506992286009154
34302229,Child_of_a_Dream,False,False,0.8506992286009154
153829,List_of_country-name_etymologies,False,False,0.8506992286009154
593430,Achille,False,False,0.8506992286009154
177230,Litotes,False,False,0.8506992286009154
5833230,Adrien_Bertrand,False,False,0.8506992286009154
9725431,The_Contention_of_Ajax_and_Ulysses,False,False,0.8506992286009154
29304031,Fumo_Liyongo,False,False,0.8506992286009154
235032,Thou,False,False,0.8506992286009154
5186233,Necrophilia_in_popular_culture,False,False,0.8506992286009154
37132434,Craniopagus_twins,False,False,0.8506992286009154
39235,"Albrecht_III_Achilles,_Elector_of_Brandenburg",False,False,0.8506992286009154
4035,Black,False,False,0.8506992286009154
38535035,BAFTA_Award_for_Best_Short_Animation,False,False,0.8506992286009154
45455636,Jay_Bowie,False,False,0.8506992286009154
13396839,Achillesaurus,False,False,0.8506992286009154
3662240,"Tony_Smith_(rugby_league,_born_1967)",False,False,0.8506992286009154
4105841,Nizip,False,False,0.8506992286009154
53943042,Terra_Ignota,False,False,0.8506992286009154
22146042,Tyre_Necropolis,False,False,0.8506992286009154
48328242,Achilleas_Farsala_F.C.,False,False,0.8506992286009154
866042,Rudolph_Schadow,False,False,0.8506992286009154
2317843,Wittgenstein\'s_Mistress,False,False,0.8506992286009154
3073044,Nesaea,False,False,0.8506992286009154
32786445,Parentification,False,False,0.8506992286009154
3672245,Svetozar_Miletić,False,False,0.8506992286009154
28699647,1951–52_Netherlands_Football_League_Championship,False,False,0.8506992286009154
203650,List_of_fictional_horses,False,False,0.8506992286009154
24712051,Knut_Holte,False,False,0.8506992286009154
51729652,Gottlob_Friedrich_Steinkopf,False,False,0.8506992286009154
3610052,Podokesaurus,False,False,0.8506992286009154
1399653,Jacob_wrestling_with_the_angel,False,False,0.8506992286009154
690453,Thai_literature,False,False,0.8506992286009154
47786254,Kōichi_Yamadera,False,False,0.8506992286009154
9108857,Pietro_Paolini,False,False,0.8506992286009154
8564058,Color-blind_casting,False,False,0.8506992286009154
18765058,Name_days_in_Greece,False,False,0.8506992286009154
30889261,Berber_kings_of_Roman-era_Tunisia,False,False,0.8506992286009154
9661663,It\'s_a_Bird,False,False,0.8506992286009154
26251464,Carmen_Priami,False,False,0.8506992286009154
58377466,I_sing_of_Olaf,False,False,0.8506992286009154
4707267,Thomas_Douglas_Guest,False,False,0.8506992286009154
33840668,Anxiety_dream,False,False,0.8506992286009154
1303868,Philip_Bobbitt,False,False,0.8506992286009154
3546469,Brandon_McGowan,False,False,0.8506992286009154
44870,1170s_BC,False,False,0.8506992286009154
36305070,List_of_Longmire_episodes,False,False,0.8506992286009154
15163671,Jason_Hobson,False,False,0.8506992286009154
37052671,Theandrios,False,False,0.8506992286009154
21540671,Kate_Rooney,False,False,0.8506992286009154
59235072,Enope_(Greece),False,True,0.8506992286009154
22852272,Jean_Boivin_the_Younger,False,False,0.8506992286009154
2237073,Pyrrichos,False,False,0.8506992286009154
31863274,Canon_of_Dutch_Literature,False,False,0.8506992286009154
12555274,Phren,False,False,0.8506992286009154
11208474,Ancient_Discoveries,False,False,0.8506992286009154
9978074,List_of_Doctor_Who_cast_members,False,False,0.8506992286009154
39677275,Delhemma,False,False,0.8506992286009154
40903476,Polixène,False,False,0.8506992286009154
11359477,Camillo_Pacetti,False,False,0.8506992286009154
29334278,List_of_culture_heroes,False,False,0.8506992286009154
193278,List_of_songs_that_retell_a_work_of_literature,False,False,0.8506992286009154
23851478,Peleides,False,False,0.8506992286009154
9808278,List_of_7-foot_gauge_railway_locomotive_names,False,False,0.8506992286009154
4590078,Corybas_(mythology),False,False,0.8506992286009154
8916079,81st_Grey_Cup,False,False,0.8506992286009154
25122281,Achilles_/_Engineer,False,False,0.8506992286009154
60749881,Ankle_problems,False,False,0.8506992286009154
2843282,Paul_Calderón,False,False,0.8506992286009154
3416683,Ian_Collins_(footballer),False,False,0.8506992286009154
30197485,Akwasi_Frimpong,False,False,0.8506992286009154
50404485,Greek_epic_in_film,False,False,0.8506992286009154
60887285,Isaac_Moillon,False,False,0.8506992286009154
2371086,Ciarán_Hinds,False,False,0.8506992286009154
5517086,Mark_Dugdale,False,False,0.8506992286009154
44911687,Josh_Doctson,False,False,0.8506992286009154
30871887,Spikenard,False,False,0.8506992286009154
28911287,Sophalexios,False,False,0.8506992286009154
17714288,History_of_Gwynedd_during_the_High_Middle_Ages,False,False,0.8506992286009154
11674488,Shunsuke_Sakuya,False,False,0.8506992286009154
7898488,Composition_of_Der_Ring_des_Nibelungen,False,False,0.8506992286009154
5904688,Ghost_word,False,False,0.8506992286009154
3474689,Perp_walk,False,False,0.8506992286009154
4075292,Nänie,False,False,0.8506992286009154
56624093,Libro_de\'_Disegni,False,False,0.8506992286009154
60538693,Troy_(opera),False,False,0.8506992286009154
15788895,List_of_Saint_Seiya_Episode.G_characters,False,False,0.8506992286009154
849697,Ludwigsburg_Palace,False,False,0.8506992286009154
24684297,Clarinda_(poet),False,False,0.8506992286009154
17380498,SS_Patroclus,False,False,0.8506992286009154
52871298,Ngugi_people,False,False,0.8506992286009154
35005499,"Erenköy,_Çanakkale",False,False,0.8506992286009154
20140100,Representation_of_women_in_Athenian_tragedy,False,False,0.8506992286009154
37550300,Chilean_brigantine_Aquiles_(1824),False,False,0.8506992286009154
20707501,Hero_(mythology),False,False,0.8506992286009154
14575301,Column_of_Justinian,False,False,0.8506992286009154
4828503,Aquiles_Nazoa,False,False,0.8506992286009154
5608504,Henry_de_Beaumont,False,False,0.8506992286009154
57905904,Ifigenia_(Pizzetti),False,False,0.8506992286009154
5652305,Superhuman_strength,False,False,0.8506992286009154
38974905,Backstage:_Lakers,False,False,0.8506992286009154
40925707,Pyrrhus_(Royer),False,False,0.8506992286009154
50625707,The_Swan_(Baudelaire),False,False,0.8506992286009154
1618509,Zagori,False,False,0.8506992286009154
16739109,Badminton_Library,False,False,0.8506992286009154
12555709,Steven_Gray_(footballer),False,False,0.8506992286009154
22483910,Timeline_of_chemical_warfare,False,False,0.8506992286009154
2025111,Chieti,False,False,0.8506992286009154
9393712,Corydon_(book),False,False,0.8506992286009154
2837912,Karl_Agathon,False,False,0.8506992286009154
2347312,Rage_(emotion),False,False,0.8506992286009154
50628312,LNWR_Dreadnought_Class,False,False,0.8506992286009154
234514,Bathroom,False,False,0.8506992286009154
4070714,Clive_Mantle,False,False,0.8506992286009154
11375514,Sculptures_in_the_Schönbrunn_Garden,False,False,0.8506992286009154
2652915,Choerilus_of_Iasus,False,False,0.8506992286009154
13198716,World_Association_of_Ugly_People,False,False,0.8506992286009154
463516,List_of_human_anatomical_parts_named_after_people,False,False,0.8506992286009154
39587917,Archicebus,False,False,0.8506992286009154
7673117,USCGC_Thetis_(WMEC-910),False,False,0.8506992286009154
13729919,Long_Market,False,False,0.8506992286009154
1966919,Mac_Flecknoe,False,False,0.8506992286009154
42100522,Pierre_Lacour,False,False,0.8506992286009154
52574524,Konuralp_Museum,False,False,0.8506992286009154
40342925,Visionary_Heads,False,False,0.8506992286009154
13525326,Achillas,False,False,0.8506992286009154
29488926,Hammerverse,False,False,0.8506992286009154
2316527,Name_days_in_Hungary,False,False,0.8506992286009154
13098928,Michel_Martin_Drolling,False,False,0.8506992286009154
16983928,List_of_Sakigake!!_Otokojuku_characters,False,False,0.8506992286009154
60610928,Foreign_Influences_on_Pompeii,False,False,0.8506992286009154
53310330,A_God_in_Ruins_(Atkinson_novel),False,False,0.8506992286009154
4370330,Classical_albedo_features_on_Mars,False,False,0.8506992286009154
48407132,G.S._Lamias_Achilleus,False,False,0.8506992286009154
24444533,List_of_sports_team_names_and_symbols_derived_from_Greek_and_Roman_antiquity,False,False,0.8506992286009154
1577734,Tatiana_Golovin,False,False,0.8506992286009154
35735,497,False,False,0.8506992286009154
38079735,Villa_Romana_del_Tellaro,False,False,0.8506992286009154
78737,Iphis_(name),False,False,0.8506992286009154
25296138,Macareus_of_Rhodes,False,False,0.8506992286009154
3197138,Noweco,False,False,0.8506992286009154
44970138,Henry_and_Cato,False,False,0.8506992286009154
14880138,Jack-a-Boy,False,False,0.8506992286009154
22134742,Military_in_the_media,False,False,0.8506992286009154
9234542,By_Jupiter,False,False,0.8506992286009154
1445142,Prehistoric_Cyprus,False,False,0.8506992286009154
6251742,Kaiseraugst,False,False,0.8506992286009154
3030943,Achillobator,False,False,0.8506992286009154
35503743,List_of_Horrible_Histories_episodes,False,False,0.8506992286009154
60793343,Rocky_Prairie,False,False,0.8506992286009154
314344,Alexandre_Hardy,False,False,0.8506992286009154
59606945,Teigan_O\'Shannassy,False,False,0.8506992286009154
12720146,François_Capois,False,False,0.8506992286009154
20322946,List_of_Landor\'s_Imaginary_Conversations,False,False,0.8506992286009154
27453947,Mercurio_Bua,False,False,0.8506992286009154
81747,Deidamia,False,False,0.8506992286009154
9826547,The_Speeches_at_Prince_Henry\'s_Barriers,False,False,0.8506992286009154
31470348,Jeanette_Pohlen-Mavunga,False,False,0.8506992286009154
13538949,Julia_Balbilla,False,False,0.8506992286009154
99351,Sidekick,False,False,0.8506992286009154
40765353,List_of_RWBY_characters,False,False,0.8506992286009154
38041553,Viraj_Adhav,False,False,0.8506992286009154
297755,Impermanence,False,False,0.8506992286009154
58485556,Antheia_(Messenia),False,False,0.8506992286009154
39217956,Diogenes_of_Athens_(tragedian),False,False,0.8506992286009154
270756,List_of_duels,False,False,0.8506992286009154
737958,List_of_eponyms_(A–K),False,False,0.8506992286009154
4105959,Osmancık,False,False,0.8506992286009154
2992760,Rise_and_Fall:_Civilizations_at_War,False,False,0.8506992286009154
30991360,Chalcon,False,False,0.8506992286009154
47437161,Amanda_Jetter,False,False,0.8506992286009154
12427761,Myrmidon_Club,False,False,0.8506992286009154
43590762,Christian_interpretations_of_Virgil\'s_Eclogue_4,False,False,0.8506992286009154
7024363,Carranque,False,False,0.8506992286009154
61563,Spiral,False,False,0.8506992286009154
27828164,Thalia_(Nereid),False,False,0.8506992286009154
6710565,Armatus,False,False,0.8506992286009154
40925366,Achille_et_Déidamie,False,False,0.8506992286009154
16429566,5436_Eumelos,False,False,0.8506992286009154
26000966,Riquna_Williams,False,False,0.8506992286009154
5792367,Heraclea_in_Trachis,False,False,0.8506992286009154
852368,Planetfall,False,False,0.8506992286009154
43440168,The_Eagle_Wounded_by_an_Arrow,False,False,0.8506992286009154
41245169,Consolation,False,False,0.8506992286009154
18715771,Gui_Rochat,False,False,0.8506992286009154
3692573,Lion-baiting,False,False,0.8506992286009154
42073974,Aldobrandini_Wedding,False,False,0.8506992286009154
17742375,"Arms,_titles,_honours_and_styles_of_Arthur_Wellesley,_1st_Duke_of_Wellington",False,False,0.8506992286009154
45468175,Chris_Conley_(American_football),False,False,0.8506992286009154
29462377,List_of_Cyborg_009_characters,False,False,0.8506992286009154
23974377,Roddrick_Muckelroy,False,False,0.8506992286009154
57230577,Aithiopes,False,False,0.8506992286009154
59185977,Ira_(Messenia),False,True,0.8506992286009154
36654578,Olyras,False,False,0.8506992286009154
36966178,Craig_Robertson_(American_football),False,False,0.8506992286009154
26889778,To_the_Rose_upon_the_Rood_of_Time,False,False,0.8506992286009154
273978,Bandage,False,False,0.8506992286009154
2740579,Tommy_Bishop,False,False,0.8506992286009154
54217580,Cycnus_of_Kolonai,False,False,0.8506992286009154
2074580,Tarek_Ali_Hassan,False,False,0.8506992286009154
2798183,Quantitative_metathesis,False,False,0.8506992286009154
8907183,Kid_Supreme,False,False,0.8506992286009154
57631183,Red_vs._Blue:_The_Shisno_Paradox,False,False,0.8506992286009154
21939984,Cynegeticus,False,False,0.8506992286009154
22953384,2009–10_Tottenham_Hotspur_F.C._season,False,False,0.8506992286009154
50063985,Kasey_Peters,False,False,0.8506992286009154
1758385,Palamidi,False,False,0.8506992286009154
52286785,Persona_and_reception_of_Roman_Reigns,False,False,0.8506992286009154
2856386,Nikolay_Gnedich,False,False,0.8506992286009154
29398387,Jan_Nepomuk_Štěpánek,False,False,0.8506992286009154
42722988,Jay_Prosch,False,False,0.8506992286009154
16517789,Achaean_Range,False,False,0.8506992286009154
8375791,List_of_Eternals,False,False,0.8506992286009154
32491191,Achilleis,False,False,0.8506992286009154
1815593,Jean_Claude_Gilles_Colson,False,False,0.8506992286009154
1222193,Eric_Gascoigne_Robinson,False,False,0.8506992286009154
11380393,Xanadu_(musical),False,False,0.8506992286009154
26205394,Hector_(given_name),False,False,0.8506992286009154
30014794,Michael_Hibberd,False,False,0.8506992286009154
46559194,Hector_the_Mighty,False,False,0.8506992286009154
12974594,Jimmy_McEwan,False,False,0.8506992286009154
37763995,Fret_Fever,False,False,0.8506992286009154
3132196,List_of_demigods,False,False,0.8506992286009154
8416397,Long_hair,False,False,0.8506992286009154
1291998,Lisístrata,False,False,0.8506992286009154
14862398,SS_Peleus,False,False,0.8506992286009154
30291999,Vengeance_of_Orion,False,False,0.8506992286009154
